filename,paragraph,sentence,pairs
N5085FM-00001.txt,1,3,[('秋田', '藤原')]
N5085FM-00001.txt,2,1,[('秋田', '藤原'), ('秋田', '日野'), ('日野', '藤原')]
N5085FM-00001.txt,3,6,[('秋田', '藤原'), ('秋田', '日野'), ('日野', '藤原')]
N5085FM-00001.txt,4,6,[('秋田', '藤原'), ('秋田', '日野'), ('日野', '藤原')]
N5085FM-00001.txt,5,6,[('秋田', '藤原')]
N5085FM-00001.txt,6,5,[('秋田', '安藤'), ('秋田', '藤原'), ('安藤', '藤原')]
N5085FM-00001.txt,7,4,[('秋田', '安藤'), ('秋田', '藤原'), ('安藤', '藤原')]
N5085FM-00001.txt,8,5,[('秋田', '安藤'), ('秋田', '藤原'), ('安藤', '藤原')]
N5085FM-00001.txt,9,3,[('秋田', '安藤'), ('秋田', '藤原'), ('安藤', '藤原')]
N5085FM-00001.txt,10,7,[('秋田', '安藤'), ('秋田', '藤原'), ('安藤', '藤原')]
N5085FM-00001.txt,11,1,[('秋田', '藤原'), ('秋田', '日野'), ('日野', '藤原')]
N5085FM-00001.txt,12,7,[('秋田', '藤原'), ('秋田', '日野'), ('日野', '藤原')]
N5085FM-00001.txt,13,2,[('秋田', '藤原'), ('秋田', '日野'), ('日野', '藤原')]
N5085FM-00001.txt,14,1,[('秋田', '藤原')]
N5085FM-00001.txt,15,8,[('秋田', '藤原'), ('秋田', '日野'), ('日野', '藤原')]
N5085FM-00001.txt,16,1,[('秋田', '藤原'), ('秋田', '日野'), ('日野', '藤原')]
N5085FM-00001.txt,17,2,[('秋田', '藤原')]
N5085FM-00001.txt,18,1,[('秋田', '藤原'), ('秋田', '日野'), ('日野', '藤原')]
N5085FM-00001.txt,19,1,[('秋田', '藤原')]
N5085FM-00001.txt,20,3,[('秋田', '藤原'), ('秋田', '日野'), ('日野', '藤原')]
N5085FM-00001.txt,21,3,[('秋田', '藤原'), ('秋田', '日野'), ('日野', '藤原')]
N5085FM-00001.txt,22,1,[('秋田', '藤原')]
N5085FM-00001.txt,23,1,[('秋田', '藤原'), ('秋田', '日野'), ('日野', '藤原')]
N5085FM-00001.txt,24,1,[('秋田', '藤原'), ('秋田', '日野'), ('日野', '藤原')]
N5085FM-00001.txt,25,2,[('秋田', '藤原')]
N5085FM-00001.txt,26,1,[('秋田', '藤原')]
N5085FM-00001.txt,27,1,[('秋田', '藤原'), ('秋田', '日野'), ('日野', '藤原')]
N5085FM-00001.txt,28,1,[('秋田', '藤原')]
N5085FM-00001.txt,29,3,[('秋田', '藤原')]
N5085FM-00001.txt,30,3,[('秋田', '藤原')]
N5085FM-00001.txt,31,2,[('秋田', '藤原'), ('秋田', '日野'), ('日野', '藤原')]
N5085FM-00001.txt,32,3,[('秋田', '藤原'), ('秋田', '日野'), ('日野', '藤原')]
N5085FM-00001.txt,33,6,[('秋田', '藤原')]
N5085FM-00001.txt,34,1,[('秋田', '藤原')]
N5085FM-00001.txt,35,2,[('秋田', '藤原'), ('秋田', '日野'), ('日野', '藤原')]
N5085FM-00001.txt,36,1,[('秋田', '藤原')]
N5085FM-00001.txt,37,2,[('秋田', '藤原'), ('秋田', '日野'), ('日野', '藤原')]
N5085FM-00001.txt,38,1,[('秋田', '藤原'), ('秋田', '日野'), ('日野', '藤原')]
N5085FM-00001.txt,39,3,[('秋田', '藤原'), ('秋田', '日野'), ('日野', '藤原')]
N5085FM-00001.txt,40,1,[('秋田', '藤原'), ('秋田', '日野'), ('日野', '藤原')]
N5085FM-00001.txt,41,1,[('秋田', '藤原')]
N5085FM-00001.txt,42,1,[('藤原', '日々木'), ('秋田', '藤原'), ('秋田', '日々木')]
N5085FM-00001.txt,43,1,[('藤原', 'じいじ'), ('秋田', '藤原'), ('秋田', 'じいじ')]
N5085FM-00001.txt,44,1,[('じいじ', '藤原'), ('秋田', '日々木'), ('藤原', '日々木'), ('秋田', '藤原'), ('じいじ', '日々木'), ('秋田', 'じいじ')]
N5085FM-00001.txt,45,3,[('日々木', '日野'), ('日野', '華菜'), ('秋田', '華菜'), ('藤原', '秋田'), ('日々木', '華菜'), ('日々木', '秋田'), ('日野', '秋田'), ('日々木', '藤原'), ('藤原', '日野'), ('藤原', '華菜')]
N5085FM-00001.txt,46,1,[('藤原', '日々木'), ('秋田', '藤原'), ('秋田', '日々木')]
N5085FM-00001.txt,47,1,[('秋田', '藤原')]
N5085FM-00001.txt,48,2,[('日野', '日々木'), ('秋田', '日野'), ('秋田', '日々木'), ('藤原', '日々木'), ('秋田', '藤原'), ('日野', '藤原')]
N5085FM-00001.txt,49,1,[('藤原', '日々木'), ('秋田', '藤原'), ('秋田', '日々木')]
N5085FM-00001.txt,50,3,[('日野', '日々木'), ('秋田', '日野'), ('秋田', '日々木'), ('藤原', '日々木'), ('秋田', '藤原'), ('日野', '藤原')]
N5085FM-00001.txt,51,2,[('秋田', '藤原'), ('藤原', '小野田'), ('秋田', '小野田')]
N5085FM-00001.txt,52,1,[('秋田', '藤原')]
N5085FM-00001.txt,53,6,[('秋田', '藤原'), ('秋田', '日野'), ('日野', '藤原')]
N5085FM-00001.txt,54,5,[('秋田', '藤原')]
N5085FM-00001.txt,55,2,[('秋田', '藤原'), ('秋田', '日野'), ('日野', '藤原')]
N5085FM-00001.txt,56,1,[('藤原', '高木'), ('秋田', '藤原'), ('秋田', '高木')]
N5085FM-00001.txt,57,3,[('秋田', '藤原'), ('秋田', '日野'), ('日野', '藤原')]
N5085FM-00001.txt,58,1,[('高木', '小野田'), ('藤原', '高木'), ('藤原', '秋田'), ('高木', '秋田'), ('藤原', '小野田'), ('日々木', '秋田'), ('小野田', '秋田'), ('日々木', '藤原'), ('日々木', '小野田'), ('日々木', '高木')]
N5085FM-00001.txt,59,4,[('藤原', '高木'), ('秋田', '日野'), ('日野', '高木'), ('秋田', '藤原'), ('秋田', '高木'), ('日野', '藤原')]
N5085FM-00001.txt,60,8,[('安藤', '藤原'), ('秋田', '安藤'), ('秋田', '日野'), ('秋田', '藤原'), ('安藤', '日野'), ('日野', '藤原')]
N5085FM-00001.txt,61,4,[('秋田', '藤原')]
N5085FM-00001.txt,62,7,[('秋田', '藤原'), ('秋田', '日野'), ('日野', '藤原')]
N5085FM-00001.txt,63,6,[('安藤', '藤原'), ('秋田', '安藤'), ('秋田', '日野'), ('秋田', '藤原'), ('安藤', '日野'), ('日野', '藤原')]
N5085FM-00001.txt,64,1,[('秋田', '藤原')]
N5085FM-00001.txt,65,6,[('安藤', '藤原'), ('秋田', '安藤'), ('秋田', '日野'), ('秋田', '藤原'), ('安藤', '日野'), ('日野', '藤原')]
N5085FM-00001.txt,66,1,[('秋田', '藤原')]
N5085FM-00001.txt,67,1,[('秋田', '藤原'), ('秋田', '日野'), ('日野', '藤原')]
N5085FM-00002.txt,1,1,[('秋田', '藤原'), ('秋田', '日野'), ('日野', '藤原')]
N5085FM-00002.txt,2,5,[('高木', '小野田'), ('藤原', '高木'), ('藤原', '秋田'), ('高木', '秋田'), ('藤原', '小野田'), ('日々木', '秋田'), ('小野田', '秋田'), ('日々木', '藤原'), ('日々木', '小野田'), ('日々木', '高木')]
N5085FM-00002.txt,3,9,[('高木', '秋田'), ('秋田', '日々木'), ('高木', '藤原'), ('高木', '日々木'), ('藤原', '日々木'), ('秋田', '藤原')]
N5085FM-00002.txt,4,1,[('秋田', '藤原')]
N5085FM-00002.txt,5,1,[('小野田', '藤原'), ('小野田', '秋田'), ('藤原', '秋田')]
N5085FM-00002.txt,6,1,[('秋田', '藤原')]
N5085FM-00002.txt,7,3,[('秋田', '藤原'), ('藤原', '小野田'), ('秋田', '小野田')]
N5085FM-00002.txt,8,1,[('秋田', '藤原')]
N5085FM-00002.txt,9,1,[('秋田', '藤原')]
N5085FM-00002.txt,10,1,[('小野田', '藤原'), ('小野田', '秋田'), ('藤原', '秋田')]
N5085FM-00002.txt,11,6,[('秋田', '藤原')]
N5085FM-00002.txt,12,1,[('秋田', '藤原')]
N5085FM-00002.txt,13,1,[('秋田', '藤原')]
N5085FM-00002.txt,14,1,[('秋田', '藤原')]
N5085FM-00002.txt,15,1,[('小野田', '藤原'), ('小野田', '秋田'), ('藤原', '秋田')]
N5085FM-00002.txt,16,1,[('秋田', '藤原')]
N5085FM-00002.txt,17,1,[('秋田', '藤原')]
N5085FM-00002.txt,18,1,[('秋田', '藤原')]
N5085FM-00002.txt,19,3,[('秋田', '藤原')]
N5085FM-00002.txt,20,1,[('秋田', '藤原')]
N5085FM-00002.txt,21,4,[('藤原', '日々木'), ('秋田', '藤原'), ('秋田', '日々木')]
N5085FM-00002.txt,22,4,[('藤原', '日々木'), ('秋田', '藤原'), ('秋田', '日々木')]
N5085FM-00002.txt,23,1,[('秋田', '藤原')]
N5085FM-00002.txt,24,1,[('藤原', '高木'), ('秋田', '藤原'), ('秋田', '高木')]
N5085FM-00002.txt,25,1,[('秋田', '藤原')]
N5085FM-00002.txt,26,4,[('藤原', '高木'), ('秋田', '藤原'), ('秋田', '高木')]
N5085FM-00002.txt,27,1,[('藤原', '日々木'), ('秋田', '藤原'), ('秋田', '日々木')]
N5085FM-00002.txt,28,1,[('藤原', '日々木'), ('秋田', '藤原'), ('秋田', '日々木')]
N5085FM-00002.txt,29,2,[('藤原', '日々木'), ('秋田', '藤原'), ('秋田', '日々木')]
N5085FM-00002.txt,30,1,[('秋田', '藤原')]
N5085FM-00002.txt,31,1,[('藤原', '日々木'), ('秋田', '藤原'), ('秋田', '日々木')]
N5085FM-00002.txt,32,1,[('藤原', '高木'), ('秋田', '日々木'), ('高木', '日々木'), ('藤原', '日々木'), ('秋田', '藤原'), ('秋田', '高木')]
N5085FM-00002.txt,33,1,[('秋田', '藤原')]
N5085FM-00002.txt,34,6,[('高木', '秋田'), ('秋田', '日々木'), ('高木', '藤原'), ('高木', '日々木'), ('藤原', '日々木'), ('秋田', '藤原')]
N5085FM-00002.txt,35,1,[('藤原', '日々木'), ('秋田', '藤原'), ('秋田', '日々木')]
N5085FM-00002.txt,36,3,[('秋田', '藤原')]
N5085FM-00002.txt,37,1,[('秋田', '藤原')]
N5085FM-00002.txt,38,3,[('秋田', '藤原')]
N5085FM-00002.txt,39,1,[('秋田', '藤原')]
N5085FM-00002.txt,40,4,[('藤原', '日々木'), ('秋田', '藤原'), ('秋田', '日々木')]
N5085FM-00002.txt,41,5,[('安藤', '藤原'), ('秋田', '安藤'), ('秋田', '日々木'), ('藤原', '日々木'), ('秋田', '藤原'), ('安藤', '日々木')]
N5085FM-00002.txt,42,5,[('藤原', '日々木'), ('秋田', '藤原'), ('秋田', '日々木')]
N5085FM-00003.txt,1,1,[('藤原', '日々木'), ('秋田', '藤原'), ('秋田', '日々木')]
N5085FM-00003.txt,2,1,[('秋田', '藤原'), ('秋田', '日野'), ('日野', '藤原')]
N5085FM-00003.txt,3,1,[('安藤', '藤原'), ('秋田', '安藤'), ('秋田', '日野'), ('秋田', '藤原'), ('安藤', '日野'), ('日野', '藤原')]
N5085FM-00003.txt,4,1,[('秋田', '安藤'), ('秋田', '藤原'), ('安藤', '藤原')]
N5085FM-00003.txt,5,1,[('秋田', '藤原'), ('秋田', '日野'), ('日野', '藤原')]
N5085FM-00003.txt,6,1,[('秋田', '藤原'), ('秋田', '日野'), ('日野', '藤原')]
N5085FM-00003.txt,7,1,[('秋田', '藤原'), ('秋田', '日野'), ('日野', '藤原')]
N5085FM-00003.txt,8,1,[('秋田', '藤原')]
N5085FM-00003.txt,9,1,[('秋田', '藤原'), ('秋田', '日野'), ('日野', '藤原')]
N5085FM-00003.txt,10,1,[('秋田', '藤原'), ('秋田', '日野'), ('日野', '藤原')]
N5085FM-00003.txt,11,1,[('秋田', '藤原')]
N5085FM-00003.txt,12,1,[('秋田', '藤原')]
N5085FM-00003.txt,13,1,[('秋田', '藤原'), ('秋田', '日野'), ('日野', '藤原')]
N5085FM-00003.txt,14,1,[('秋田', '藤原')]
N5085FM-00003.txt,15,1,[('秋田', '藤原'), ('秋田', '日野'), ('日野', '藤原')]
N5085FM-00003.txt,16,1,[('秋田', '藤原')]
N5085FM-00003.txt,17,1,[('秋田', '藤原')]
N5085FM-00003.txt,18,1,[('秋田', '藤原')]
N5085FM-00003.txt,19,1,[('秋田', '藤原'), ('秋田', '日野'), ('日野', '藤原')]
N5085FM-00003.txt,20,1,[('安藤', '藤原'), ('秋田', '安藤'), ('秋田', '日野'), ('秋田', '藤原'), ('安藤', '日野'), ('日野', '藤原')]
N5085FM-00003.txt,21,1,[('秋田', '藤原'), ('秋田', '日野'), ('日野', '藤原')]
N5085FM-00003.txt,22,1,[('秋田', '藤原')]
N5085FM-00003.txt,23,1,[('秋田', '藤原'), ('秋田', '日野'), ('日野', '藤原')]
N5085FM-00003.txt,24,1,[('秋田', '藤原')]
N5085FM-00003.txt,25,1,[('秋田', '藤原')]
N5085FM-00003.txt,26,1,[('秋田', '藤原')]
N5085FM-00003.txt,27,1,[('秋田', '藤原')]
N5085FM-00003.txt,28,1,[('秋田', '藤原')]
N5085FM-00003.txt,29,1,[('秋田', '藤原'), ('秋田', '日野'), ('日野', '藤原')]
N5085FM-00003.txt,30,1,[('秋田', '藤原')]
N5085FM-00003.txt,31,1,[('秋田', '藤原'), ('秋田', '日野'), ('日野', '藤原')]
N5085FM-00003.txt,32,1,[('秋田', '藤原'), ('秋田', '日野'), ('日野', '藤原')]
N5085FM-00003.txt,33,1,[('秋田', '藤原'), ('秋田', '日野'), ('日野', '藤原')]
N5085FM-00003.txt,34,1,[('秋田', '藤原')]
N5085FM-00003.txt,35,1,[('秋田', '安藤'), ('秋田', '藤原'), ('安藤', '藤原')]
N5085FM-00003.txt,36,1,[('秋田', '藤原')]
N5085FM-00003.txt,37,1,[('秋田', '藤原')]
N5085FM-00003.txt,38,1,[('秋田', '安藤'), ('秋田', '藤原'), ('安藤', '藤原')]
N5085FM-00003.txt,39,1,[('秋田', '安藤'), ('秋田', '藤原'), ('安藤', '藤原')]
N5085FM-00003.txt,40,1,[('秋田', '安藤'), ('秋田', '藤原'), ('安藤', '藤原')]
N5085FM-00003.txt,41,1,[('秋田', '藤原'), ('秋田', '日野'), ('日野', '藤原')]
N5085FM-00003.txt,42,1,[('秋田', '安藤'), ('秋田', '藤原'), ('安藤', '藤原')]
N5085FM-00003.txt,43,1,[('安藤', '藤原'), ('秋田', '安藤'), ('秋田', '日野'), ('秋田', '藤原'), ('安藤', '日野'), ('日野', '藤原')]
N5085FM-00003.txt,44,1,[('秋田', '安藤'), ('秋田', '藤原'), ('安藤', '藤原')]
N5085FM-00004.txt,1,1,[('秋田', '華菜'), ('秋田', '日々木'), ('日々木', '華菜'), ('藤原', '日々木'), ('秋田', '藤原'), ('藤原', '華菜')]
N5085FM-00004.txt,2,1,[('秋田', '藤原')]
N5085FM-00004.txt,3,1,[('秋田', '藤原')]
N5085FM-00004.txt,4,1,[('藤原', '日々木'), ('秋田', '藤原'), ('秋田', '日々木')]
N5085FM-00004.txt,5,1,[('藤原', '日々木'), ('秋田', '藤原'), ('秋田', '日々木')]
N5085FM-00004.txt,6,1,[('藤原', '日々木'), ('秋田', '藤原'), ('秋田', '日々木')]
N5085FM-00004.txt,7,1,[('藤原', '日々木'), ('秋田', '藤原'), ('秋田', '日々木')]
N5085FM-00004.txt,8,1,[('藤原', '日々木'), ('秋田', '藤原'), ('秋田', '日々木')]
N5085FM-00004.txt,9,1,[('安藤', '藤原'), ('秋田', '安藤'), ('秋田', '日々木'), ('藤原', '日々木'), ('秋田', '藤原'), ('安藤', '日々木')]
N5085FM-00004.txt,10,1,[('安藤', '藤原'), ('秋田', '安藤'), ('秋田', '日々木'), ('藤原', '日々木'), ('秋田', '藤原'), ('安藤', '日々木')]
N5085FM-00004.txt,11,1,[('秋田', '藤原')]
N5085FM-00004.txt,12,1,[('日々木', '日野'), ('日々木', '安藤'), ('安藤', '秋田'), ('藤原', '秋田'), ('日々木', '秋田'), ('日野', '秋田'), ('藤原', '安藤'), ('安藤', '日野'), ('日々木', '藤原'), ('藤原', '日野')]
N5085FM-00004.txt,13,1,[('日野', '日々木'), ('秋田', '日野'), ('秋田', '日々木'), ('藤原', '日々木'), ('秋田', '藤原'), ('日野', '藤原')]
N5085FM-00004.txt,14,1,[('藤原', '日々木'), ('秋田', '藤原'), ('秋田', '日々木')]
N5085FM-00004.txt,15,1,[('安藤', '藤原'), ('秋田', '安藤'), ('秋田', '日々木'), ('藤原', '日々木'), ('秋田', '藤原'), ('安藤', '日々木')]
N5085FM-00004.txt,16,1,[('日野', '日々木'), ('秋田', '日野'), ('秋田', '日々木'), ('藤原', '日々木'), ('秋田', '藤原'), ('日野', '藤原')]
N5085FM-00004.txt,17,1,[('秋田', '藤原')]
N5085FM-00004.txt,18,1,[('安藤', '藤原'), ('秋田', '安藤'), ('秋田', '日野'), ('秋田', '藤原'), ('安藤', '日野'), ('日野', '藤原')]
N5085FM-00004.txt,19,1,[('藤原', '日々木'), ('秋田', '藤原'), ('秋田', '日々木')]
N5085FM-00004.txt,20,1,[('日野', '日々木'), ('秋田', '日野'), ('秋田', '日々木'), ('藤原', '日々木'), ('秋田', '藤原'), ('日野', '藤原')]
N5085FM-00004.txt,21,1,[('藤原', '日々木'), ('秋田', '藤原'), ('秋田', '日々木')]
N5085FM-00004.txt,22,1,[('安藤', '藤原'), ('秋田', '安藤'), ('秋田', '日野'), ('秋田', '藤原'), ('安藤', '日野'), ('日野', '藤原')]
N5085FM-00004.txt,23,1,[('秋田', '藤原'), ('秋田', '日野'), ('日野', '藤原')]
N5085FM-00004.txt,24,1,[('藤原', '日々木'), ('秋田', '藤原'), ('秋田', '日々木')]
N5085FM-00004.txt,25,1,[('秋田', '藤原')]
N5085FM-00004.txt,26,1,[('藤原', '日々木'), ('秋田', '藤原'), ('秋田', '日々木')]
N5085FM-00004.txt,27,1,[('秋田', '藤原')]
N5085FM-00004.txt,28,1,[('秋田', '藤原'), ('秋田', '日野'), ('日野', '藤原')]
N5085FM-00004.txt,29,1,[('日々木', '日野'), ('日々木', '安藤'), ('安藤', '秋田'), ('藤原', '秋田'), ('日々木', '秋田'), ('日野', '秋田'), ('藤原', '安藤'), ('安藤', '日野'), ('日々木', '藤原'), ('藤原', '日野')]
N5085FM-00004.txt,30,1,[('日野', '日々木'), ('秋田', '日野'), ('秋田', '日々木'), ('藤原', '日々木'), ('秋田', '藤原'), ('日野', '藤原')]
N5085FM-00004.txt,31,1,[('日野', '日々木'), ('秋田', '日野'), ('秋田', '日々木'), ('藤原', '日々木'), ('秋田', '藤原'), ('日野', '藤原')]
N5085FM-00004.txt,32,1,[('日野', '日々木'), ('秋田', '日野'), ('秋田', '日々木'), ('藤原', '日々木'), ('秋田', '藤原'), ('日野', '藤原')]
N5085FM-00004.txt,33,1,[('秋田', '藤原'), ('秋田', '日野'), ('日野', '藤原')]
N5085FM-00004.txt,34,1,[('藤原', '日々木'), ('秋田', '藤原'), ('秋田', '日々木')]
N5085FM-00004.txt,35,1,[('藤原', '日々木'), ('秋田', '藤原'), ('秋田', '日々木')]
N5085FM-00004.txt,36,1,[('藤原', '日々木'), ('秋田', '藤原'), ('秋田', '日々木')]
N5085FM-00004.txt,37,1,[('藤原', '日々木'), ('秋田', '藤原'), ('秋田', '日々木')]
N5085FM-00004.txt,38,1,[('日野', '日々木'), ('秋田', '日野'), ('秋田', '日々木'), ('藤原', '日々木'), ('秋田', '藤原'), ('日野', '藤原')]
N5085FM-00004.txt,39,1,[('日野', '日々木'), ('秋田', '日野'), ('秋田', '日々木'), ('藤原', '日々木'), ('秋田', '藤原'), ('日野', '藤原')]
N5085FM-00004.txt,40,1,[('日野', '日々木'), ('秋田', '日野'), ('秋田', '日々木'), ('藤原', '日々木'), ('秋田', '藤原'), ('日野', '藤原')]
N5085FM-00005.txt,1,1,[('秋田', '藤原'), ('秋田', '日野'), ('日野', '藤原')]
N5085FM-00005.txt,2,1,[('秋田', '藤原')]
N5085FM-00005.txt,3,1,[('藤原', '日々木'), ('秋田', '藤原'), ('秋田', '日々木')]
N5085FM-00005.txt,4,1,[('安藤', '藤原'), ('秋田', '華菜'), ('秋田', '安藤'), ('秋田', '藤原'), ('安藤', '華菜'), ('藤原', '華菜')]
N5085FM-00005.txt,5,1,[('藤原', '日々木'), ('秋田', '藤原'), ('秋田', '日々木')]
N5085FM-00005.txt,6,1,[('秋田', '藤原')]
N5085FM-00005.txt,7,1,[('秋田', '藤原')]
N5085FM-00005.txt,8,1,[('藤原', '日々木'), ('秋田', '藤原'), ('秋田', '日々木')]
N5085FM-00005.txt,9,1,[('秋田', '藤原')]
N5085FM-00005.txt,10,1,[('藤原', '日々木'), ('秋田', '藤原'), ('秋田', '日々木')]
N5085FM-00005.txt,11,1,[('秋田', '藤原')]
N5085FM-00005.txt,12,1,[('秋田', '藤原')]
N5085FM-00005.txt,13,1,[('藤原', '日々木'), ('秋田', '藤原'), ('秋田', '日々木')]
N5085FM-00005.txt,14,1,[('秋田', '藤原')]
N5085FM-00005.txt,15,1,[('藤原', '日々木'), ('秋田', '藤原'), ('秋田', '日々木')]
N5085FM-00005.txt,16,1,[('秋田', '藤原')]
N5085FM-00005.txt,17,1,[('秋田', '藤原')]
N5085FM-00005.txt,18,1,[('秋田', '藤原')]
N5085FM-00005.txt,19,1,[('藤原', '日々木'), ('秋田', '藤原'), ('秋田', '日々木')]
N5085FM-00005.txt,20,1,[('秋田', '藤原')]
N5085FM-00005.txt,21,1,[('藤原', '日々木'), ('秋田', '藤原'), ('秋田', '日々木')]
N5085FM-00005.txt,22,1,[('秋田', '藤原')]
N5085FM-00005.txt,23,1,[('秋田', '藤原')]
N5085FM-00005.txt,24,1,[('秋田', '藤原'), ('秋田', '日野'), ('日野', '藤原')]
N5085FM-00005.txt,25,1,[('秋田', '藤原')]
N5085FM-00005.txt,26,1,[('秋田', '藤原')]
N5085FM-00005.txt,27,1,[('藤原', '日々木'), ('秋田', '藤原'), ('秋田', '日々木')]
N5085FM-00005.txt,28,1,[('藤原', '日々木'), ('秋田', '藤原'), ('秋田', '日々木')]
N5085FM-00005.txt,29,1,[('秋田', '藤原')]
N5085FM-00005.txt,30,1,[('秋田', '藤原')]
N5085FM-00005.txt,31,1,[('藤原', '日々木'), ('秋田', '藤原'), ('秋田', '日々木')]
N5085FM-00005.txt,32,1,[('秋田', '藤原')]
N5085FM-00005.txt,33,1,[('藤原', '日々木'), ('秋田', '藤原'), ('秋田', '日々木')]
N5085FM-00005.txt,34,1,[('藤原', '日々木'), ('秋田', '藤原'), ('秋田', '日々木')]
N5085FM-00005.txt,35,1,[('秋田', '藤原')]
N5085FM-00005.txt,36,1,[('秋田', '藤原')]
N5085FM-00005.txt,37,1,[('秋田', '藤原')]
N5085FM-00005.txt,38,1,[('秋田', '藤原')]
N5085FM-00005.txt,39,1,[('秋田', '藤原')]
N5085FM-00005.txt,40,1,[('秋田', '藤原')]
N5085FM-00005.txt,41,1,[('藤原', '日々木'), ('秋田', '藤原'), ('秋田', '日々木')]
N5085FM-00005.txt,42,1,[('藤原', '日々木'), ('秋田', '藤原'), ('秋田', '日々木')]
N5085FM-00005.txt,43,1,[('藤原', '日々木'), ('秋田', '藤原'), ('秋田', '日々木')]
N5085FM-00005.txt,44,1,[('藤原', '日々木'), ('秋田', '藤原'), ('秋田', '日々木')]
N5085FM-00005.txt,45,1,[('藤原', '日々木'), ('秋田', '藤原'), ('秋田', '日々木')]
N5085FM-00005.txt,46,1,[('日野', '日々木'), ('秋田', '日野'), ('秋田', '日々木'), ('藤原', '日々木'), ('秋田', '藤原'), ('日野', '藤原')]
N5085FM-00005.txt,47,1,[('秋田', '藤原')]
N5085FM-00005.txt,48,1,[('藤原', '日々木'), ('秋田', '藤原'), ('秋田', '日々木')]
N5085FM-00005.txt,49,1,[('秋田', '藤原'), ('秋田', '日野'), ('日野', '藤原')]
N5085FM-00005.txt,50,1,[('秋田', '藤原')]
N5085FM-00005.txt,51,1,[('秋田', '藤原')]
N5085FM-00005.txt,52,1,[('秋田', '藤原')]
N5085FM-00005.txt,53,1,[('秋田', '藤原')]
N5085FM-00005.txt,54,1,[('藤原', '日々木'), ('秋田', '藤原'), ('秋田', '日々木')]
N5085FM-00005.txt,55,1,[('藤原', '日々木'), ('秋田', '藤原'), ('秋田', '日々木')]
N5085FM-00005.txt,56,1,[('秋田', '藤原')]
N5085FM-00005.txt,57,1,[('藤原', '日々木'), ('秋田', '藤原'), ('秋田', '日々木')]
N5085FM-00005.txt,58,1,[('秋田', '藤原')]
N5085FM-00005.txt,59,1,[('秋田', '藤原')]
N5085FM-00005.txt,60,1,[('藤原', '日々木'), ('秋田', '藤原'), ('秋田', '日々木')]
N5085FM-00005.txt,61,1,[('藤原', '日々木'), ('秋田', '藤原'), ('秋田', '日々木')]
N5085FM-00005.txt,62,1,[('秋田', '藤原')]
N5085FM-00005.txt,63,1,[('秋田', '藤原')]
N5085FM-00005.txt,64,1,[('秋田', '藤原')]
N5085FM-00005.txt,65,1,[('藤原', '日々木'), ('秋田', '藤原'), ('秋田', '日々木')]
N5085FM-00005.txt,66,1,[('秋田', '藤原')]
N5085FM-00005.txt,67,1,[('秋田', '藤原')]
N5085FM-00005.txt,68,1,[('秋田', '藤原')]
N5085FM-00005.txt,69,1,[('藤原', '日々木'), ('秋田', '藤原'), ('秋田', '日々木')]
N5085FM-00005.txt,70,1,[('藤原', '日々木'), ('秋田', '藤原'), ('秋田', '日々木')]
N5085FM-00005.txt,71,1,[('藤原', '日々木'), ('秋田', '藤原'), ('秋田', '日々木')]
N5085FM-00005.txt,72,1,[('秋田', '藤原'), ('秋田', '日野'), ('日野', '藤原')]
N5085FM-00005.txt,73,1,[('藤原', '日々木'), ('秋田', '藤原'), ('秋田', '日々木')]
N5085FM-00005.txt,74,1,[('秋田', '藤原')]
N5085FM-00005.txt,75,1,[('藤原', '日々木'), ('秋田', '藤原'), ('秋田', '日々木')]
N5085FM-00005.txt,76,1,[('秋田', '藤原')]
N5085FM-00005.txt,77,1,[('秋田', '藤原')]
N5085FM-00005.txt,78,1,[('秋田', '藤原')]
N5085FM-00005.txt,79,1,[('秋田', '藤原')]
N5085FM-00006.txt,1,1,[('藤原', '日々木'), ('秋田', '藤原'), ('秋田', '日々木')]
N5085FM-00006.txt,2,1,[('秋田', '藤原')]
N5085FM-00006.txt,3,1,[('秋田', '藤原'), ('秋田', '日野'), ('日野', '藤原')]
N5085FM-00006.txt,4,1,[('秋田', '藤原'), ('秋田', '日野'), ('日野', '藤原')]
N5085FM-00006.txt,5,1,[('秋田', '藤原'), ('秋田', '日野'), ('日野', '藤原')]
N5085FM-00006.txt,6,1,[('秋田', '藤原')]
N5085FM-00006.txt,7,1,[('秋田', '藤原')]
N5085FM-00006.txt,8,1,[('日々木', '日野'), ('日野', '華菜'), ('日々木', '安藤'), ('安藤', '秋田'), ('秋田', '華菜'), ('藤原', '秋田'), ('日々木', '華菜'), ('日々木', '秋田'), ('日野', '秋田'), ('藤原', '安藤'), ('安藤', '日野'), ('日々木', '藤原'), ('藤原', '日野'), ('安藤', '華菜'), ('藤原', '華菜')]
N5085FM-00006.txt,9,1,[('安藤', '藤原'), ('秋田', '安藤'), ('秋田', '日野'), ('秋田', '藤原'), ('安藤', '日野'), ('日野', '藤原')]
N5085FM-00006.txt,10,1,[('秋田', '藤原')]
N5085FM-00006.txt,11,1,[('秋田', '藤原'), ('秋田', '日野'), ('日野', '藤原')]
N5085FM-00006.txt,12,1,[('秋田', '藤原'), ('秋田', '日野'), ('日野', '藤原')]
N5085FM-00006.txt,13,1,[('秋田', '藤原'), ('秋田', '日野'), ('日野', '藤原')]
N5085FM-00006.txt,14,1,[('安藤', '藤原'), ('秋田', '安藤'), ('秋田', '日野'), ('秋田', '藤原'), ('安藤', '日野'), ('日野', '藤原')]
N5085FM-00006.txt,15,1,[('秋田', '藤原'), ('秋田', '日野'), ('日野', '藤原')]
N5085FM-00006.txt,16,1,[('秋田', '藤原')]
N5085FM-00006.txt,17,1,[('秋田', '藤原')]
N5085FM-00006.txt,18,1,[('藤原', '日々木'), ('秋田', '藤原'), ('秋田', '日々木')]
N5085FM-00006.txt,19,1,[('秋田', '藤原'), ('秋田', '日野'), ('日野', '藤原')]
N5085FM-00006.txt,20,1,[('秋田', '藤原'), ('秋田', '日野'), ('日野', '藤原')]
N5085FM-00006.txt,21,1,[('秋田', '藤原')]
N5085FM-00006.txt,22,1,[('秋田', '藤原')]
N5085FM-00006.txt,23,1,[('秋田', '藤原')]
N5085FM-00006.txt,24,1,[('秋田', '藤原'), ('秋田', '日野'), ('日野', '藤原')]
N5085FM-00006.txt,25,1,[('藤原', '日々木'), ('秋田', '藤原'), ('秋田', '日々木')]
N5085FM-00006.txt,26,1,[('日野', '華菜'), ('秋田', '華菜'), ('秋田', '日野'), ('秋田', '藤原'), ('日野', '藤原'), ('藤原', '華菜')]
N5085FM-00006.txt,27,1,[('秋田', '藤原')]
N5085FM-00006.txt,28,1,[('秋田', '藤原'), ('秋田', '日野'), ('日野', '藤原')]
N5085FM-00006.txt,29,1,[('秋田', '藤原'), ('秋田', '日野'), ('日野', '藤原')]
N5085FM-00006.txt,30,1,[('秋田', '藤原')]
N5085FM-00006.txt,31,1,[('秋田', '藤原'), ('秋田', '日野'), ('日野', '藤原')]
N5085FM-00007.txt,1,1,[('秋田', '藤原'), ('秋田', '日野'), ('日野', '藤原')]
N5085FM-00007.txt,2,1,[('秋田', '藤原')]
N5085FM-00007.txt,3,1,[('秋田', '藤原')]
N5085FM-00007.txt,4,1,[('秋田', '藤原'), ('藤原', '華菜'), ('秋田', '華菜')]
N5085FM-00007.txt,5,1,[('安藤', '藤原'), ('秋田', '安藤'), ('秋田', '日々木'), ('藤原', '日々木'), ('秋田', '藤原'), ('安藤', '日々木')]
N5085FM-00007.txt,6,1,[('秋田', '安藤'), ('秋田', '藤原'), ('安藤', '藤原')]
N5085FM-00007.txt,7,1,[('藤原', '日々木'), ('秋田', '藤原'), ('秋田', '日々木')]
N5085FM-00007.txt,8,1,[('秋田', '藤原')]
N5085FM-00007.txt,9,1,[('藤原', '日々木'), ('秋田', '藤原'), ('秋田', '日々木')]
N5085FM-00007.txt,10,1,[('秋田', '藤原')]
N5085FM-00007.txt,11,1,[('藤原', '日々木'), ('秋田', '藤原'), ('秋田', '日々木')]
N5085FM-00007.txt,12,1,[('秋田', '華菜'), ('校長先生', '藤原'), ('校長先生', '秋田'), ('秋田', '藤原'), ('校長先生', '華菜'), ('藤原', '華菜')]
N5085FM-00007.txt,13,1,[('秋田', '藤原')]
N5085FM-00007.txt,14,1,[('秋田', '藤原')]
N5085FM-00007.txt,15,1,[('藤原', '日々木'), ('秋田', '藤原'), ('秋田', '日々木')]
N5085FM-00007.txt,16,1,[('秋田', '藤原')]
N5085FM-00007.txt,17,1,[('秋田', '藤原')]
N5085FM-00007.txt,18,1,[('秋田', '藤原')]
N5085FM-00007.txt,19,1,[('秋田', '藤原')]
N5085FM-00007.txt,20,1,[('藤原', '日々木'), ('秋田', '藤原'), ('秋田', '日々木')]
N5085FM-00007.txt,21,1,[('藤原', '日々木'), ('秋田', '藤原'), ('秋田', '日々木')]
N5085FM-00007.txt,22,1,[('秋田', '藤原')]
N5085FM-00007.txt,23,1,[('秋田', '藤原')]
N5085FM-00007.txt,24,1,[('秋田', '藤原')]
N5085FM-00007.txt,25,1,[('秋田', '藤原')]
N5085FM-00007.txt,26,1,[('秋田', '藤原')]
N5085FM-00007.txt,27,1,[('秋田', '藤原')]
N5085FM-00007.txt,28,1,[('秋田', '藤原')]
N5085FM-00007.txt,29,1,[('藤原', '日々木'), ('秋田', '藤原'), ('秋田', '日々木')]
N5085FM-00007.txt,30,1,[('藤原', '日々木'), ('秋田', '藤原'), ('秋田', '日々木')]
N5085FM-00007.txt,31,1,[('秋田', '藤原')]
N5085FM-00007.txt,32,1,[('秋田', '藤原')]
N5085FM-00007.txt,33,1,[('藤原', '日々木'), ('秋田', '藤原'), ('秋田', '日々木')]
N5085FM-00007.txt,34,1,[('藤原', '日々木'), ('秋田', '藤原'), ('秋田', '日々木')]
N5085FM-00007.txt,35,1,[('秋田', '藤原')]
N5085FM-00007.txt,36,1,[('秋田', '藤原')]
N5085FM-00007.txt,37,1,[('秋田', '藤原')]
N5085FM-00007.txt,38,1,[('秋田', '藤原')]
N5085FM-00007.txt,39,1,[('藤原', '日々木'), ('秋田', '藤原'), ('秋田', '日々木')]
N5085FM-00007.txt,40,1,[('秋田', '藤原')]
N5085FM-00007.txt,41,1,[('藤原', '日々木'), ('秋田', '藤原'), ('秋田', '日々木')]
N5085FM-00007.txt,42,1,[('藤原', '日々木'), ('秋田', '藤原'), ('秋田', '日々木')]
N5085FM-00007.txt,43,1,[('藤原', '日々木'), ('秋田', '藤原'), ('秋田', '日々木')]
N5085FM-00007.txt,44,1,[('秋田', '藤原')]
N5085FM-00007.txt,45,1,[('秋田', '藤原')]
N5085FM-00007.txt,46,1,[('秋田', '藤原')]
N5085FM-00007.txt,47,1,[('藤原', '日々木'), ('秋田', '藤原'), ('秋田', '日々木')]
N5085FM-00007.txt,48,1,[('秋田', '藤原')]
N5085FM-00007.txt,49,1,[('藤原', '日々木'), ('秋田', '藤原'), ('秋田', '日々木')]
N5085FM-00007.txt,50,1,[('秋田', '藤原')]
N5085FM-00007.txt,51,1,[('秋田', '藤原')]
N5085FM-00007.txt,52,1,[('藤原', '日々木'), ('秋田', '藤原'), ('秋田', '日々木')]
N5085FM-00007.txt,53,1,[('秋田', '藤原')]
N5085FM-00008.txt,1,1,[('藤原', '日々木'), ('秋田', '藤原'), ('秋田', '日々木')]
N5085FM-00008.txt,2,1,[('秋田', '藤原'), ('秋田', '日野'), ('日野', '藤原')]
N5085FM-00008.txt,3,1,[('秋田', '藤原')]
N5085FM-00008.txt,4,1,[('秋田', '藤原'), ('秋田', '日野'), ('日野', '藤原')]
N5085FM-00008.txt,5,1,[('秋田', '藤原'), ('秋田', '日野'), ('日野', '藤原')]
N5085FM-00008.txt,6,1,[('安藤', '藤原'), ('秋田', '安藤'), ('秋田', '日野'), ('秋田', '藤原'), ('安藤', '日野'), ('日野', '藤原')]
N5085FM-00008.txt,7,1,[('藤原', '高木'), ('秋田', '日野'), ('日野', '高木'), ('秋田', '藤原'), ('秋田', '高木'), ('日野', '藤原')]
N5085FM-00008.txt,8,1,[('秋田', '藤原'), ('秋田', '日野'), ('日野', '藤原')]
N5085FM-00008.txt,9,1,[('秋田', '藤原')]
N5085FM-00008.txt,10,1,[('秋田', '藤原')]
N5085FM-00008.txt,11,1,[('秋田', '藤原')]
N5085FM-00008.txt,12,1,[('秋田', '藤原')]
N5085FM-00008.txt,13,1,[('秋田', '藤原')]
N5085FM-00008.txt,14,1,[('秋田', '藤原')]
N5085FM-00008.txt,15,1,[('秋田', '藤原'), ('藤原', '華菜'), ('秋田', '華菜')]
N5085FM-00008.txt,16,1,[('秋田', '藤原'), ('秋田', '日野'), ('日野', '藤原')]
N5085FM-00008.txt,17,1,[('秋田', '藤原')]
N5085FM-00008.txt,18,1,[('秋田', '藤原')]
N5085FM-00008.txt,19,1,[('秋田', '藤原'), ('秋田', '日野'), ('日野', '藤原')]
N5085FM-00008.txt,20,1,[('秋田', '藤原')]
N5085FM-00008.txt,21,1,[('秋田', '藤原')]
N5085FM-00008.txt,22,1,[('秋田', '藤原')]
N5085FM-00008.txt,23,1,[('秋田', '藤原'), ('秋田', '日野'), ('日野', '藤原')]
N5085FM-00008.txt,24,1,[('秋田', '藤原'), ('秋田', '日野'), ('日野', '藤原')]
N5085FM-00008.txt,25,1,[('秋田', '藤原'), ('秋田', '日野'), ('日野', '藤原')]
N5085FM-00008.txt,26,1,[('秋田', '藤原'), ('秋田', '日野'), ('日野', '藤原')]
N5085FM-00008.txt,27,1,[('秋田', '藤原'), ('秋田', '日野'), ('日野', '藤原')]
N5085FM-00008.txt,28,1,[('安藤', '藤原'), ('秋田', '華菜'), ('秋田', '安藤'), ('秋田', '藤原'), ('安藤', '華菜'), ('藤原', '華菜')]
N5085FM-00008.txt,29,1,[('藤原', '日々木'), ('秋田', '藤原'), ('秋田', '日々木')]
N5085FM-00008.txt,30,1,[('秋田', '藤原'), ('秋田', '日野'), ('日野', '藤原')]
N5085FM-00008.txt,31,1,[('日々木', '日野'), ('日々木', '安藤'), ('安藤', '秋田'), ('藤原', '秋田'), ('日々木', '秋田'), ('日野', '秋田'), ('藤原', '安藤'), ('安藤', '日野'), ('日々木', '藤原'), ('藤原', '日野')]
N5085FM-00008.txt,32,1,[('安藤', '藤原'), ('秋田', '安藤'), ('秋田', '日野'), ('秋田', '藤原'), ('安藤', '日野'), ('日野', '藤原')]
N5085FM-00008.txt,33,1,[('秋田', '藤原')]
N5085FM-00008.txt,34,1,[('秋田', '藤原')]
N5085FM-00008.txt,35,1,[('秋田', '藤原'), ('藤原', '華菜'), ('秋田', '華菜')]
N5085FM-00008.txt,36,1,[('秋田', '藤原')]
N5085FM-00008.txt,37,1,[('秋田', '藤原')]
N5085FM-00008.txt,38,1,[('秋田', '藤原'), ('秋田', '日野'), ('日野', '藤原')]
N5085FM-00008.txt,39,1,[('藤原', '日々木'), ('秋田', '藤原'), ('秋田', '日々木')]
N5085FM-00008.txt,40,1,[('秋田', '藤原')]
N5085FM-00008.txt,41,1,[('秋田', '藤原'), ('秋田', '日野'), ('日野', '藤原')]
N5085FM-00008.txt,42,1,[('秋田', '藤原'), ('秋田', '日野'), ('日野', '藤原')]
N5085FM-00008.txt,43,1,[('藤原', '日々木'), ('秋田', '藤原'), ('秋田', '日々木')]
N5085FM-00008.txt,44,1,[('秋田', '藤原'), ('秋田', '日野'), ('日野', '藤原')]
N5085FM-00008.txt,45,1,[('秋田', '藤原')]
N5085FM-00008.txt,46,1,[('秋田', '藤原'), ('秋田', '日野'), ('日野', '藤原')]
N5085FM-00008.txt,47,1,[('秋田', '藤原'), ('秋田', '日野'), ('日野', '藤原')]
N5085FM-00008.txt,48,1,[('秋田', '藤原')]
N5085FM-00008.txt,49,1,[('秋田', '藤原'), ('秋田', '日野'), ('日野', '藤原')]
N5085FM-00008.txt,50,1,[('秋田', '藤原'), ('秋田', '日野'), ('日野', '藤原')]
N5085FM-00008.txt,51,1,[('秋田', '藤原'), ('秋田', '日野'), ('日野', '藤原')]
N5085FM-00008.txt,52,1,[('秋田', '藤原')]
N5085FM-00008.txt,53,1,[('秋田', '藤原')]
N5085FM-00008.txt,54,1,[('秋田', '藤原')]
N5085FM-00008.txt,55,1,[('日野', '日々木'), ('秋田', '日野'), ('秋田', '日々木'), ('藤原', '日々木'), ('秋田', '藤原'), ('日野', '藤原')]
N5085FM-00009.txt,1,1,[('秋田', '藤原'), ('秋田', '日野'), ('日野', '藤原')]
N5085FM-00009.txt,2,1,[('藤原', '日々木'), ('秋田', '藤原'), ('秋田', '日々木')]
N5085FM-00009.txt,3,1,[('藤原', '日々木'), ('秋田', '藤原'), ('秋田', '日々木')]
N5085FM-00009.txt,4,1,[('藤原', '日々木'), ('秋田', '藤原'), ('秋田', '日々木')]
N5085FM-00009.txt,5,1,[('藤原', '日々木'), ('秋田', '藤原'), ('秋田', '日々木')]
N5085FM-00009.txt,6,1,[('秋田', '藤原')]
N5085FM-00009.txt,7,1,[('秋田', '藤原')]
N5085FM-00009.txt,8,1,[('藤原', '日々木'), ('秋田', '藤原'), ('秋田', '日々木')]
N5085FM-00009.txt,9,1,[('秋田', '藤原')]
N5085FM-00009.txt,10,1,[('藤原', '日々木'), ('秋田', '藤原'), ('秋田', '日々木')]
N5085FM-00009.txt,11,1,[('藤原', '日々木'), ('秋田', '藤原'), ('秋田', '日々木')]
N5085FM-00009.txt,12,1,[('秋田', '藤原')]
N5085FM-00009.txt,13,1,[('秋田', '藤原')]
N5085FM-00009.txt,14,1,[('秋田', '藤原')]
N5085FM-00009.txt,15,1,[('秋田', '藤原')]
N5085FM-00009.txt,16,1,[('秋田', '藤原')]
N5085FM-00009.txt,17,1,[('藤原', '日々木'), ('秋田', '藤原'), ('秋田', '日々木')]
N5085FM-00009.txt,18,1,[('秋田', '藤原')]
N5085FM-00009.txt,19,1,[('藤原', '日々木'), ('秋田', '藤原'), ('秋田', '日々木')]
N5085FM-00009.txt,20,1,[('秋田', '藤原')]
N5085FM-00009.txt,21,1,[('藤原', '日々木'), ('秋田', '藤原'), ('秋田', '日々木')]
N5085FM-00009.txt,22,1,[('日野', '日々木'), ('秋田', '日野'), ('秋田', '日々木'), ('藤原', '日々木'), ('秋田', '藤原'), ('日野', '藤原')]
N5085FM-00009.txt,23,1,[('日野', '日々木'), ('秋田', '日野'), ('秋田', '日々木'), ('藤原', '日々木'), ('秋田', '藤原'), ('日野', '藤原')]
N5085FM-00009.txt,24,1,[('秋田', '藤原')]
N5085FM-00009.txt,25,1,[('秋田', '藤原')]
N5085FM-00009.txt,26,1,[('藤原', '日々木'), ('秋田', '藤原'), ('秋田', '日々木')]
N5085FM-00009.txt,27,1,[('藤原', '日々木'), ('秋田', '藤原'), ('秋田', '日々木')]
N5085FM-00009.txt,28,1,[('日野', '日々木'), ('秋田', '日野'), ('秋田', '日々木'), ('藤原', '日々木'), ('秋田', '藤原'), ('日野', '藤原')]
N5085FM-00009.txt,29,1,[('藤原', '日々木'), ('秋田', '藤原'), ('秋田', '日々木')]
N5085FM-00009.txt,30,1,[('藤原', '日々木'), ('秋田', '藤原'), ('秋田', '日々木')]
N5085FM-00009.txt,31,1,[('秋田', '藤原')]
N5085FM-00009.txt,32,1,[('藤原', '日々木'), ('秋田', '藤原'), ('秋田', '日々木')]
N5085FM-00009.txt,33,1,[('藤原', '日々木'), ('秋田', '藤原'), ('秋田', '日々木')]
N5085FM-00009.txt,34,1,[('藤原', '日々木'), ('秋田', '藤原'), ('秋田', '日々木')]
N5085FM-00009.txt,35,1,[('藤原', '日々木'), ('秋田', '藤原'), ('秋田', '日々木')]
N5085FM-00009.txt,36,1,[('藤原', '日々木'), ('秋田', '藤原'), ('秋田', '日々木')]
N5085FM-00009.txt,37,1,[('日野', '日々木'), ('秋田', '日野'), ('秋田', '日々木'), ('藤原', '日々木'), ('秋田', '藤原'), ('日野', '藤原')]
N5085FM-00009.txt,38,1,[('秋田', '藤原')]
N5085FM-00009.txt,39,1,[('藤原', '日々木'), ('秋田', '藤原'), ('秋田', '日々木')]
N5085FM-00009.txt,40,1,[('藤原', '日々木'), ('秋田', '藤原'), ('秋田', '日々木')]
N5085FM-00009.txt,41,1,[('藤原', '日々木'), ('秋田', '藤原'), ('秋田', '日々木')]
N5085FM-00009.txt,42,1,[('秋田', '藤原')]
N5085FM-00009.txt,43,1,[('藤原', '日々木'), ('秋田', '藤原'), ('秋田', '日々木')]
N5085FM-00009.txt,44,1,[('秋田', '藤原'), ('秋田', '日野'), ('日野', '藤原')]
N5085FM-00009.txt,45,1,[('秋田', '藤原')]
N5085FM-00009.txt,46,1,[('秋田', '藤原')]
N5085FM-00009.txt,47,1,[('藤原', '日々木'), ('秋田', '藤原'), ('秋田', '日々木')]
N5085FM-00009.txt,48,1,[('秋田', '藤原')]
N5085FM-00009.txt,49,1,[('藤原', '日々木'), ('秋田', '藤原'), ('秋田', '日々木')]
N5085FM-00009.txt,50,1,[('藤原', '日々木'), ('秋田', '藤原'), ('秋田', '日々木')]
N5085FM-00009.txt,51,1,[('秋田', '藤原')]
N5085FM-00010.txt,1,1,[('秋田', '藤原')]
N5085FM-00010.txt,2,1,[('秋田', '藤原'), ('秋田', '日野'), ('日野', '藤原')]
N5085FM-00010.txt,3,1,[('秋田', '藤原')]
N5085FM-00010.txt,4,1,[('藤原', '笠井'), ('千草', '藤原'), ('秋田', '千草'), ('秋田', '藤原'), ('千草', '笠井'), ('秋田', '笠井')]
N5085FM-00010.txt,5,1,[('小野田', '日野'), ('藤原', '秋田'), ('千草', '藤原'), ('千草', '秋田'), ('藤原', '日野'), ('千草', '日野'), ('藤原', '小野田'), ('日野', '秋田'), ('小野田', '秋田'), ('千草', '小野田')]
N5085FM-00010.txt,6,1,[('秋田', '千草'), ('秋田', '藤原'), ('藤原', '千草'), ('麓', '藤原'), ('麓', '千草'), ('秋田', '麓')]
N5085FM-00010.txt,7,1,[('藤原', '笠井'), ('松田', '秋田'), ('秋田', '藤原'), ('松田', '藤原'), ('松田', '笠井'), ('秋田', '笠井')]
N5085FM-00010.txt,8,1,[('藤原', '笠井'), ('日々木', '千草'), ('藤原', '秋田'), ('千草', '藤原'), ('千草', '秋田'), ('日々木', '秋田'), ('日々木', '笠井'), ('日々木', '藤原'), ('千草', '笠井'), ('笠井', '秋田')]
N5085FM-00010.txt,9,1,[('秋田', '藤原'), ('秋田', '日野'), ('日野', '藤原')]
N5085FM-00010.txt,10,1,[('秋田', '藤原'), ('秋田', '日野'), ('日野', '藤原')]
N5085FM-00010.txt,11,1,[('秋田', '藤原')]
N5085FM-00010.txt,12,1,[('秋田', '藤原')]
N5085FM-00010.txt,13,1,[('秋田', '藤原')]
N5085FM-00010.txt,14,1,[('秋田', '藤原')]
N5085FM-00010.txt,15,1,[('藤原', '高木'), ('秋田', '藤原'), ('秋田', '高木')]
N5085FM-00010.txt,16,1,[('森尾', '伊東'), ('森尾', '藤原'), ('藤原', '伊東'), ('秋田', '森尾'), ('秋田', '藤原'), ('秋田', '伊東')]
N5085FM-00010.txt,17,1,[('秋田', '藤原')]
N5085FM-00010.txt,18,1,[('森尾', '藤原'), ('秋田', '藤原'), ('秋田', '森尾')]
N5085FM-00010.txt,19,1,[('藤原', '高木'), ('秋田', '日野'), ('日野', '高木'), ('秋田', '藤原'), ('秋田', '高木'), ('日野', '藤原')]
N5085FM-00010.txt,20,1,[('藤原', '伊東'), ('秋田', '日野'), ('日野', '伊東'), ('秋田', '藤原'), ('秋田', '伊東'), ('日野', '藤原')]
N5085FM-00010.txt,21,1,[('秋田', '藤原')]
N5085FM-00010.txt,22,1,[('秋田', '藤原')]
N5085FM-00010.txt,23,1,[('秋田', '藤原'), ('秋田', '日野'), ('日野', '藤原')]
N5085FM-00010.txt,24,1,[('藤原', '高木'), ('秋田', '藤原'), ('秋田', '高木')]
N5085FM-00010.txt,25,1,[('日野', '日々木'), ('秋田', '日野'), ('秋田', '日々木'), ('藤原', '日々木'), ('秋田', '藤原'), ('日野', '藤原')]
N5085FM-00010.txt,26,1,[('藤原', '高木'), ('秋田', '日野'), ('日野', '高木'), ('秋田', '藤原'), ('秋田', '高木'), ('日野', '藤原')]
N5085FM-00010.txt,27,1,[('秋田', '藤原')]
N5085FM-00010.txt,28,1,[('日野', '日々木'), ('秋田', '日野'), ('秋田', '日々木'), ('藤原', '日々木'), ('秋田', '藤原'), ('日野', '藤原')]
N5085FM-00010.txt,29,1,[('日々木', '日野'), ('日々木', '安藤'), ('安藤', '秋田'), ('藤原', '秋田'), ('日々木', '秋田'), ('日野', '秋田'), ('藤原', '安藤'), ('安藤', '日野'), ('日々木', '藤原'), ('藤原', '日野')]
N5085FM-00010.txt,30,1,[('日野', '日々木'), ('秋田', '日野'), ('秋田', '日々木'), ('藤原', '日々木'), ('秋田', '藤原'), ('日野', '藤原')]
N5085FM-00010.txt,31,1,[('日野', '日々木'), ('秋田', '日野'), ('秋田', '日々木'), ('藤原', '日々木'), ('秋田', '藤原'), ('日野', '藤原')]
N5085FM-00010.txt,32,1,[('秋田', '日野'), ('秋田', '野上月'), ('秋田', '藤原'), ('日野', '藤原'), ('野上月', '藤原'), ('野上月', '日野')]
N5085FM-00010.txt,33,1,[('日々木', '日野'), ('日々木', '安藤'), ('安藤', '秋田'), ('藤原', '秋田'), ('日々木', '秋田'), ('日野', '秋田'), ('藤原', '安藤'), ('安藤', '日野'), ('日々木', '藤原'), ('藤原', '日野')]
N5085FM-00010.txt,34,1,[('日々木', '日野'), ('藤原', '高木'), ('藤原', '秋田'), ('高木', '日野'), ('高木', '秋田'), ('日々木', '秋田'), ('日野', '秋田'), ('日々木', '藤原'), ('藤原', '日野'), ('日々木', '高木')]
N5085FM-00010.txt,35,1,[('秋田', '藤原')]
N5085FM-00010.txt,36,1,[('秋田', '藤原')]
N5085FM-00010.txt,37,1,[('藤原', '高木'), ('秋田', '日野'), ('日野', '高木'), ('秋田', '藤原'), ('秋田', '高木'), ('日野', '藤原')]
N5085FM-00010.txt,38,1,[('日野', '日々木'), ('秋田', '日野'), ('秋田', '日々木'), ('藤原', '日々木'), ('秋田', '藤原'), ('日野', '藤原')]
N5085FM-00010.txt,39,1,[('藤原', '高木'), ('秋田', '日野'), ('日野', '高木'), ('秋田', '藤原'), ('秋田', '高木'), ('日野', '藤原')]
N5085FM-00010.txt,40,1,[('日野', '日々木'), ('秋田', '日野'), ('秋田', '日々木'), ('藤原', '日々木'), ('秋田', '藤原'), ('日野', '藤原')]
N5085FM-00010.txt,41,1,[('秋田', '藤原')]
N5085FM-00011.txt,1,1,[('秋田', '華菜'), ('秋田', '日々木'), ('日々木', '華菜'), ('藤原', '日々木'), ('秋田', '藤原'), ('藤原', '華菜')]
N5085FM-00011.txt,2,1,[('秋田', '藤原')]
N5085FM-00011.txt,3,1,[('秋田', '藤原'), ('秋田', '日野'), ('日野', '藤原')]
N5085FM-00011.txt,4,1,[('日野', '日々木'), ('秋田', '日野'), ('秋田', '日々木'), ('藤原', '日々木'), ('秋田', '藤原'), ('日野', '藤原')]
N5085FM-00011.txt,5,1,[('秋田', '藤原'), ('秋田', '日野'), ('日野', '藤原')]
N5085FM-00011.txt,6,1,[('秋田', '藤原')]
N5085FM-00011.txt,7,1,[('秋田', '藤原')]
N5085FM-00011.txt,8,1,[('秋田', '藤原')]
N5085FM-00011.txt,9,1,[('日野', '日々木'), ('秋田', '日野'), ('秋田', '日々木'), ('藤原', '日々木'), ('秋田', '藤原'), ('日野', '藤原')]
N5085FM-00011.txt,10,1,[('日野', '日々木'), ('秋田', '日野'), ('秋田', '日々木'), ('藤原', '日々木'), ('秋田', '藤原'), ('日野', '藤原')]
N5085FM-00011.txt,11,1,[('日野', '日々木'), ('秋田', '日野'), ('秋田', '日々木'), ('藤原', '日々木'), ('秋田', '藤原'), ('日野', '藤原')]
N5085FM-00011.txt,12,1,[('秋田', '藤原')]
N5085FM-00011.txt,13,1,[('秋田', '藤原')]
N5085FM-00011.txt,14,1,[('秋田', '藤原'), ('秋田', '日野'), ('日野', '藤原')]
N5085FM-00011.txt,15,1,[('秋田', '藤原'), ('秋田', '日野'), ('日野', '藤原')]
N5085FM-00011.txt,16,1,[('日野', '日々木'), ('秋田', '日野'), ('秋田', '日々木'), ('藤原', '日々木'), ('秋田', '藤原'), ('日野', '藤原')]
N5085FM-00011.txt,17,1,[('日野', '日々木'), ('秋田', '日野'), ('秋田', '日々木'), ('藤原', '日々木'), ('秋田', '藤原'), ('日野', '藤原')]
N5085FM-00011.txt,18,1,[('日野', '日々木'), ('秋田', '日野'), ('秋田', '日々木'), ('藤原', '日々木'), ('秋田', '藤原'), ('日野', '藤原')]
N5085FM-00011.txt,19,1,[('藤原', '日々木'), ('秋田', '藤原'), ('秋田', '日々木')]
N5085FM-00011.txt,20,1,[('藤原', '日々木'), ('秋田', '藤原'), ('秋田', '日々木')]
N5085FM-00011.txt,21,1,[('じいじ', '藤原'), ('秋田', '日々木'), ('藤原', '日々木'), ('秋田', '藤原'), ('じいじ', '日々木'), ('秋田', 'じいじ')]
N5085FM-00011.txt,22,1,[('秋田', '藤原')]
N5085FM-00011.txt,23,1,[('藤原', '日々木'), ('秋田', '藤原'), ('秋田', '日々木')]
N5085FM-00011.txt,24,1,[('秋田', '藤原')]
N5085FM-00011.txt,25,1,[('日野', '日々木'), ('秋田', '日野'), ('秋田', '日々木'), ('藤原', '日々木'), ('秋田', '藤原'), ('日野', '藤原')]
N5085FM-00011.txt,26,1,[('日々木', '日野'), ('日々木', '安藤'), ('安藤', '秋田'), ('藤原', '秋田'), ('日々木', '秋田'), ('日野', '秋田'), ('藤原', '安藤'), ('安藤', '日野'), ('日々木', '藤原'), ('藤原', '日野')]
N5085FM-00011.txt,27,1,[('日野', '日々木'), ('秋田', '日野'), ('秋田', '日々木'), ('藤原', '日々木'), ('秋田', '藤原'), ('日野', '藤原')]
N5085FM-00011.txt,28,1,[('日野', '日々木'), ('秋田', '日野'), ('秋田', '日々木'), ('藤原', '日々木'), ('秋田', '藤原'), ('日野', '藤原')]
N5085FM-00011.txt,29,1,[('秋田', '藤原'), ('秋田', '日野'), ('日野', '藤原')]
N5085FM-00011.txt,30,1,[('藤原', '日々木'), ('秋田', '藤原'), ('秋田', '日々木')]
N5085FM-00012.txt,1,1,[('秋田', '藤原'), ('秋田', '日野'), ('日野', '藤原')]
N5085FM-00012.txt,2,1,[('秋田', '藤原'), ('秋田', '日野'), ('日野', '藤原')]
N5085FM-00012.txt,3,1,[('藤原', '日々木'), ('秋田', '藤原'), ('秋田', '日々木')]
N5085FM-00012.txt,4,1,[('藤原', '日々木'), ('秋田', '藤原'), ('秋田', '日々木')]
N5085FM-00012.txt,5,1,[('秋田', '藤原')]
N5085FM-00012.txt,6,1,[('秋田', '藤原')]
N5085FM-00012.txt,7,1,[('藤原', '日々木'), ('秋田', '藤原'), ('秋田', '日々木')]
N5085FM-00012.txt,8,1,[('秋田', '藤原')]
N5085FM-00012.txt,9,1,[('藤原', '日々木'), ('秋田', '藤原'), ('秋田', '日々木')]
N5085FM-00012.txt,10,1,[('藤原', '日々木'), ('秋田', '藤原'), ('秋田', '日々木')]
N5085FM-00012.txt,11,1,[('藤原', '日々木'), ('秋田', '藤原'), ('秋田', '日々木')]
N5085FM-00012.txt,12,1,[('藤原', '日々木'), ('秋田', '藤原'), ('秋田', '日々木')]
N5085FM-00012.txt,13,1,[('秋田', '藤原')]
N5085FM-00012.txt,14,1,[('藤原', '日々木'), ('秋田', '藤原'), ('秋田', '日々木')]
N5085FM-00012.txt,15,1,[('藤原', '日々木'), ('秋田', '藤原'), ('秋田', '日々木')]
N5085FM-00012.txt,16,1,[('藤原', '日々木'), ('秋田', '藤原'), ('秋田', '日々木')]
N5085FM-00012.txt,17,1,[('秋田', '藤原')]
N5085FM-00012.txt,18,1,[('藤原', '日々木'), ('秋田', '藤原'), ('秋田', '日々木')]
N5085FM-00012.txt,19,1,[('秋田', '藤原'), ('秋田', '日野'), ('日野', '藤原')]
N5085FM-00012.txt,20,1,[('藤原', '日々木'), ('秋田', '藤原'), ('秋田', '日々木')]
N5085FM-00012.txt,21,1,[('秋田', '藤原'), ('秋田', '日野'), ('日野', '藤原')]
N5085FM-00012.txt,22,1,[('松田', '秋田'), ('秋田', '藤原'), ('松田', '藤原')]
N5085FM-00012.txt,23,1,[('藤原', '松田'), ('藤原', '秋田'), ('田辺', '須賀'), ('日々木', '秋田'), ('日々木', '松田'), ('須賀', '笠井'), ('田辺', '秋田'), ('須賀', '秋田'), ('須賀', '松田'), ('日々木', '笠井'), ('日々木', '藤原'), ('笠井', '秋田'), ('田辺', '藤原'), ('藤原', '笠井'), ('日々木', '須賀'), ('松田', '秋田'), ('田辺', '松田'), ('日々木', '田辺'), ('須賀', '藤原'), ('田辺', '笠井'), ('笠井', '松田')]
N5085FM-00012.txt,24,1,[('松田', '日々木'), ('秋田', '日々木'), ('松田', '秋田'), ('秋田', '藤原'), ('藤原', '日々木'), ('松田', '藤原')]
N5085FM-00012.txt,25,1,[('藤原', '笠井'), ('藤原', '松田'), ('藤原', '秋田'), ('松田', '秋田'), ('日々木', '秋田'), ('日々木', '笠井'), ('日々木', '松田'), ('日々木', '藤原'), ('笠井', '松田'), ('笠井', '秋田')]
N5085FM-00012.txt,26,1,[('秋田', '須賀'), ('秋田', '藤原'), ('須賀', '藤原')]
N5085FM-00012.txt,27,1,[('田辺', '藤原'), ('藤原', '笠井'), ('藤原', '松田'), ('藤原', '秋田'), ('田辺', '笠井'), ('松田', '秋田'), ('田辺', '松田'), ('笠井', '松田'), ('田辺', '秋田'), ('笠井', '秋田')]
N5085FM-00012.txt,28,1,[('藤原', '松田'), ('藤原', '秋田'), ('田辺', '須賀'), ('日々木', '秋田'), ('日々木', '松田'), ('須賀', '笠井'), ('田辺', '秋田'), ('須賀', '秋田'), ('須賀', '松田'), ('日々木', '笠井'), ('日々木', '藤原'), ('笠井', '秋田'), ('田辺', '藤原'), ('藤原', '笠井'), ('日々木', '須賀'), ('松田', '秋田'), ('田辺', '松田'), ('日々木', '田辺'), ('須賀', '藤原'), ('田辺', '笠井'), ('笠井', '松田')]
N5085FM-00012.txt,29,1,[('藤原', '笠井'), ('藤原', '松田'), ('藤原', '秋田'), ('松田', '秋田'), ('日々木', '秋田'), ('日々木', '笠井'), ('日々木', '松田'), ('日々木', '藤原'), ('笠井', '松田'), ('笠井', '秋田')]
N5085FM-00012.txt,30,1,[('日野', '日々木'), ('秋田', '日野'), ('秋田', '日々木'), ('藤原', '日々木'), ('秋田', '藤原'), ('日野', '藤原')]
N5085FM-00012.txt,31,1,[('秋田', '藤原')]
N5085FM-00012.txt,32,1,[('藤原', '日々木'), ('秋田', '藤原'), ('秋田', '日々木')]
N5085FM-00012.txt,33,1,[('秋田', '藤原')]
N5085FM-00012.txt,34,1,[('秋田', '藤原')]
N5085FM-00012.txt,35,1,[('秋田', '藤原')]
N5085FM-00012.txt,36,1,[('秋田', '藤原'), ('藤原', '笠井'), ('秋田', '笠井')]
N5085FM-00012.txt,37,1,[('藤原', '日々木'), ('秋田', '藤原'), ('秋田', '日々木')]
N5085FM-00012.txt,38,1,[('秋田', '藤原'), ('藤原', '笠井'), ('秋田', '笠井')]
N5085FM-00012.txt,39,1,[('秋田', '藤原'), ('藤原', '笠井'), ('秋田', '笠井')]
N5085FM-00012.txt,40,1,[('藤原', '笠井'), ('藤原', '松田'), ('藤原', '秋田'), ('須賀', '藤原'), ('日々木', '須賀'), ('須賀', '秋田'), ('松田', '秋田'), ('須賀', '松田'), ('日々木', '秋田'), ('日々木', '笠井'), ('日々木', '松田'), ('日々木', '藤原'), ('須賀', '笠井'), ('笠井', '松田'), ('笠井', '秋田')]
N5085FM-00012.txt,41,1,[('松田', '日々木'), ('秋田', '日々木'), ('松田', '秋田'), ('秋田', '藤原'), ('藤原', '日々木'), ('松田', '藤原')]
N5085FM-00012.txt,42,1,[('日々木', '日野'), ('藤原', '松田'), ('藤原', '秋田'), ('日野', '松田'), ('松田', '秋田'), ('日々木', '秋田'), ('日野', '秋田'), ('日々木', '松田'), ('日々木', '藤原'), ('藤原', '日野')]
N5085FM-00012.txt,43,1,[('藤原', '松田'), ('藤原', '秋田'), ('田辺', '須賀'), ('日々木', '秋田'), ('日々木', '松田'), ('須賀', '笠井'), ('田辺', '秋田'), ('須賀', '秋田'), ('須賀', '松田'), ('日々木', '笠井'), ('日々木', '藤原'), ('笠井', '秋田'), ('田辺', '藤原'), ('藤原', '笠井'), ('日々木', '須賀'), ('松田', '秋田'), ('田辺', '松田'), ('日々木', '田辺'), ('須賀', '藤原'), ('田辺', '笠井'), ('笠井', '松田')]
N5085FM-00012.txt,44,1,[('藤原', '日々木'), ('秋田', '藤原'), ('秋田', '日々木')]
N5085FM-00012.txt,45,1,[('秋田', '藤原')]
N5085FM-00012.txt,46,1,[('藤原', '日々木'), ('秋田', '藤原'), ('秋田', '日々木')]
N5085FM-00012.txt,47,1,[('秋田', '藤原')]
N5085FM-00012.txt,48,1,[('藤原', '日々木'), ('秋田', '藤原'), ('秋田', '日々木')]
N5085FM-00012.txt,49,1,[('秋田', '藤原')]
N5085FM-00013.txt,1,1,[('藤原', '日々木'), ('秋田', '藤原'), ('秋田', '日々木')]
N5085FM-00013.txt,2,1,[('秋田', '藤原'), ('秋田', '日野'), ('日野', '藤原')]
N5085FM-00013.txt,3,1,[('秋田', '藤原')]
N5085FM-00013.txt,4,1,[('安藤', '藤原'), ('秋田', '安藤'), ('秋田', '日野'), ('秋田', '藤原'), ('安藤', '日野'), ('日野', '藤原')]
N5085FM-00013.txt,5,1,[('秋田', '藤原'), ('秋田', '日野'), ('日野', '藤原')]
N5085FM-00013.txt,6,1,[('秋田', '安藤'), ('秋田', '藤原'), ('安藤', '藤原')]
N5085FM-00013.txt,7,1,[('秋田', '藤原')]
N5085FM-00013.txt,8,1,[('三谷先生', '秋田'), ('秋田', '谷'), ('三谷', '谷'), ('藤原', '秋田'), ('三谷先生', '谷'), ('藤原', '三谷'), ('三谷先生', '三谷'), ('藤原', '谷'), ('藤原', '三谷先生'), ('秋田', '三谷')]
N5085FM-00013.txt,9,1,[('秋田', '藤原')]
N5085FM-00013.txt,10,1,[('秋田', '藤原')]
N5085FM-00013.txt,11,1,[('秋田', '藤原')]
N5085FM-00013.txt,12,1,[('秋田', '藤原'), ('秋田', '日野'), ('日野', '藤原')]
N5085FM-00013.txt,13,1,[('秋田', '藤原')]
N5085FM-00013.txt,14,1,[('日野', '三谷'), ('三谷先生', '秋田'), ('秋田', '谷'), ('秋田', '三谷'), ('三谷', '谷'), ('藤原', '秋田'), ('三谷先生', '谷'), ('藤原', '三谷'), ('日野', '秋田'), ('三谷先生', '三谷'), ('藤原', '日野'), ('藤原', '谷'), ('藤原', '三谷先生'), ('日野', '三谷先生'), ('日野', '谷')]
N5085FM-00013.txt,15,1,[('秋田', '藤原')]
N5085FM-00013.txt,16,1,[('秋田', '藤原'), ('秋田', '日野'), ('日野', '藤原')]
N5085FM-00013.txt,17,1,[('日野', '三谷'), ('三谷先生', '秋田'), ('秋田', '谷'), ('秋田', '三谷'), ('三谷', '谷'), ('藤原', '秋田'), ('三谷先生', '谷'), ('藤原', '三谷'), ('日野', '秋田'), ('三谷先生', '三谷'), ('藤原', '日野'), ('藤原', '谷'), ('藤原', '三谷先生'), ('日野', '三谷先生'), ('日野', '谷')]
N5085FM-00013.txt,18,1,[('安藤', '藤原'), ('秋田', '安藤'), ('秋田', '日野'), ('秋田', '藤原'), ('安藤', '日野'), ('日野', '藤原')]
N5085FM-00013.txt,19,1,[('秋田', '安藤'), ('秋田', '藤原'), ('安藤', '藤原')]
N5085FM-00013.txt,20,1,[('三谷先生', '秋田'), ('藤原', '秋田'), ('日々木', '秋田'), ('藤原', '安藤'), ('藤原', '日野'), ('藤原', '三谷先生'), ('安藤', '谷'), ('日野', '谷'), ('秋田', '三谷'), ('三谷先生', '谷'), ('日々木', '谷'), ('藤原', '三谷'), ('日々木', '藤原'), ('安藤', '三谷先生'), ('日々木', '三谷先生'), ('日野', '秋田'), ('安藤', '三谷'), ('日々木', '日野'), ('日々木', '安藤'), ('日野', '三谷'), ('秋田', '谷'), ('安藤', '秋田'), ('三谷', '谷'), ('日々木', '三谷'), ('三谷先生', '三谷'), ('安藤', '日野'), ('藤原', '谷'), ('日野', '三谷先生')]
N5085FM-00013.txt,21,1,[('三谷先生', '秋田'), ('藤原', '秋田'), ('藤原', '安藤'), ('藤原', '日野'), ('藤原', '三谷先生'), ('安藤', '谷'), ('秋田', '三谷'), ('日野', '谷'), ('三谷先生', '谷'), ('藤原', '三谷'), ('安藤', '三谷先生'), ('日野', '秋田'), ('安藤', '三谷'), ('日野', '三谷'), ('秋田', '谷'), ('安藤', '秋田'), ('三谷', '谷'), ('三谷先生', '三谷'), ('安藤', '日野'), ('藤原', '谷'), ('日野', '三谷先生')]
N5085FM-00013.txt,22,1,[('三谷先生', '秋田'), ('藤原', '秋田'), ('藤原', '安藤'), ('藤原', '日野'), ('藤原', '三谷先生'), ('安藤', '谷'), ('秋田', '三谷'), ('日野', '谷'), ('三谷先生', '谷'), ('藤原', '三谷'), ('安藤', '三谷先生'), ('日野', '秋田'), ('安藤', '三谷'), ('日野', '三谷'), ('秋田', '谷'), ('安藤', '秋田'), ('三谷', '谷'), ('三谷先生', '三谷'), ('安藤', '日野'), ('藤原', '谷'), ('日野', '三谷先生')]
N5085FM-00013.txt,23,1,[('安藤', '藤原'), ('秋田', '安藤'), ('秋田', '日野'), ('秋田', '藤原'), ('安藤', '日野'), ('日野', '藤原')]
N5085FM-00013.txt,24,1,[('三谷先生', '秋田'), ('秋田', '谷'), ('三谷', '谷'), ('藤原', '秋田'), ('三谷先生', '谷'), ('藤原', '三谷'), ('三谷先生', '三谷'), ('藤原', '谷'), ('藤原', '三谷先生'), ('秋田', '三谷')]
N5085FM-00013.txt,25,1,[('秋田', '藤原'), ('秋田', '日野'), ('日野', '藤原')]
N5085FM-00013.txt,26,1,[('秋田', '藤原')]
N5085FM-00013.txt,27,1,[('秋田', '藤原')]
N5085FM-00013.txt,28,1,[('秋田', '藤原')]
N5085FM-00013.txt,29,1,[('秋田', '藤原'), ('秋田', '日野'), ('日野', '藤原')]
N5085FM-00013.txt,30,1,[('秋田', '藤原'), ('秋田', '日野'), ('日野', '藤原')]
N5085FM-00013.txt,31,1,[('秋田', '藤原')]
N5085FM-00013.txt,32,1,[('秋田', '藤原')]
N5085FM-00013.txt,33,1,[('三谷先生', '秋田'), ('秋田', '谷'), ('三谷', '谷'), ('藤原', '秋田'), ('三谷先生', '谷'), ('藤原', '三谷'), ('三谷先生', '三谷'), ('藤原', '谷'), ('藤原', '三谷先生'), ('秋田', '三谷')]
N5085FM-00013.txt,34,1,[('三谷先生', '秋田'), ('藤原', '秋田'), ('日々木', '秋田'), ('藤原', '日野'), ('藤原', '三谷先生'), ('秋田', '三谷'), ('日野', '谷'), ('三谷先生', '谷'), ('日々木', '谷'), ('藤原', '三谷'), ('日々木', '藤原'), ('日々木', '三谷先生'), ('日野', '秋田'), ('日々木', '日野'), ('日野', '三谷'), ('秋田', '谷'), ('三谷', '谷'), ('日々木', '三谷'), ('三谷先生', '三谷'), ('藤原', '谷'), ('日野', '三谷先生')]
N5085FM-00013.txt,35,1,[('秋田', '藤原'), ('秋田', '日野'), ('日野', '藤原')]
N5085FM-00013.txt,36,1,[('秋田', '藤原'), ('秋田', '日野'), ('日野', '藤原')]
N5085FM-00013.txt,37,1,[('藤原', '日々木'), ('秋田', '藤原'), ('秋田', '日々木')]
N5085FM-00013.txt,38,1,[('秋田', '藤原'), ('秋田', '日野'), ('日野', '藤原')]
N5085FM-00013.txt,39,1,[('秋田', '藤原')]
N5085FM-00014.txt,1,1,[('藤原', '笠井'), ('千草', '藤原'), ('秋田', '千草'), ('秋田', '藤原'), ('千草', '笠井'), ('秋田', '笠井')]
N5085FM-00014.txt,2,1,[('秋田', '藤原'), ('藤原', '千草'), ('秋田', '千草')]
N5085FM-00014.txt,3,1,[('秋田', '藤原')]
N5085FM-00014.txt,4,1,[('秋田', '藤原')]
N5085FM-00014.txt,5,1,[('日野', '日々木'), ('秋田', '日野'), ('秋田', '日々木'), ('藤原', '日々木'), ('秋田', '藤原'), ('日野', '藤原')]
N5085FM-00014.txt,6,1,[('松田', '秋田'), ('秋田', '藤原'), ('松田', '藤原')]
N5085FM-00014.txt,7,1,[('秋田', '藤原'), ('藤原', '笠井'), ('秋田', '笠井')]
N5085FM-00014.txt,8,1,[('秋田', '藤原')]
N5085FM-00014.txt,9,1,[('秋田', '藤原')]
N5085FM-00014.txt,10,1,[('小西恵', '藤原'), ('藤原', '秋田'), ('小西恵', '麓'), ('麓', '藤原'), ('麓', '秋田'), ('小西恵', '秋田')]
N5085FM-00014.txt,11,1,[('麓', '藤原'), ('秋田', '藤原'), ('秋田', '麓')]
N5085FM-00014.txt,12,1,[('日野', '麓'), ('秋田', '日野'), ('秋田', '藤原'), ('日野', '藤原'), ('麓', '藤原'), ('秋田', '麓')]
N5085FM-00014.txt,13,1,[('藤原', '日々木'), ('秋田', '藤原'), ('秋田', '日々木')]
N5085FM-00014.txt,14,1,[('日々木', '日野'), ('日々木', '安藤'), ('安藤', '秋田'), ('藤原', '秋田'), ('日々木', '秋田'), ('日野', '秋田'), ('藤原', '安藤'), ('安藤', '日野'), ('日々木', '藤原'), ('藤原', '日野')]
N5085FM-00014.txt,15,1,[('日野', '日々木'), ('秋田', '日野'), ('秋田', '日々木'), ('藤原', '日々木'), ('秋田', '藤原'), ('日野', '藤原')]
N5085FM-00014.txt,16,1,[('藤原', '笠井'), ('秋田', '日野'), ('秋田', '藤原'), ('日野', '藤原'), ('日野', '笠井'), ('秋田', '笠井')]
N5085FM-00014.txt,17,1,[('秋田', '藤原'), ('藤原', '笠井'), ('秋田', '笠井')]
N5085FM-00014.txt,18,1,[('松田', '日々木'), ('秋田', '日々木'), ('松田', '秋田'), ('秋田', '藤原'), ('藤原', '日々木'), ('松田', '藤原')]
N5085FM-00014.txt,19,1,[('藤原', '日々木'), ('秋田', '藤原'), ('秋田', '日々木')]
N5085FM-00014.txt,20,1,[('日野', '日々木'), ('秋田', '日野'), ('秋田', '日々木'), ('藤原', '日々木'), ('秋田', '藤原'), ('日野', '藤原')]
N5085FM-00014.txt,21,1,[('秋田', '藤原')]
N5085FM-00014.txt,22,1,[('松田', '日々木'), ('秋田', '日々木'), ('松田', '秋田'), ('秋田', '藤原'), ('藤原', '日々木'), ('松田', '藤原')]
N5085FM-00014.txt,23,1,[('秋田', '藤原'), ('藤原', '千草'), ('秋田', '千草')]
N5085FM-00015.txt,1,1,[('日野', '日々木'), ('秋田', '日野'), ('秋田', '日々木'), ('藤原', '日々木'), ('秋田', '藤原'), ('日野', '藤原')]
N5085FM-00015.txt,2,1,[('秋田', '藤原')]
N5085FM-00015.txt,3,1,[('秋田', '藤原'), ('秋田', '日野'), ('日野', '藤原')]
N5085FM-00015.txt,4,1,[('秋田', '藤原'), ('秋田', '日野'), ('日野', '藤原')]
N5085FM-00015.txt,5,1,[('日野', '日々木'), ('秋田', '日野'), ('秋田', '日々木'), ('藤原', '日々木'), ('秋田', '藤原'), ('日野', '藤原')]
N5085FM-00015.txt,6,1,[('秋田', '藤原'), ('秋田', '日野'), ('日野', '藤原')]
N5085FM-00015.txt,7,1,[('秋田', '藤原'), ('秋田', '日野'), ('日野', '藤原')]
N5085FM-00015.txt,8,1,[('秋田', '藤原')]
N5085FM-00015.txt,9,1,[('秋田', '藤原'), ('秋田', '日野'), ('日野', '藤原')]
N5085FM-00015.txt,10,1,[('秋田', '藤原')]
N5085FM-00015.txt,11,1,[('秋田', '藤原')]
N5085FM-00015.txt,12,1,[('秋田', '藤原')]
N5085FM-00015.txt,13,1,[('秋田', '藤原')]
N5085FM-00015.txt,14,1,[('秋田', '藤原')]
N5085FM-00015.txt,15,1,[('秋田', '藤原')]
N5085FM-00015.txt,16,1,[('秋田', '藤原')]
N5085FM-00015.txt,17,1,[('秋田', '藤原')]
N5085FM-00015.txt,18,1,[('秋田', '藤原')]
N5085FM-00015.txt,19,1,[('藤原', '日々木'), ('秋田', '藤原'), ('秋田', '日々木')]
N5085FM-00015.txt,20,1,[('秋田', '藤原'), ('秋田', '日野'), ('日野', '藤原')]
N5085FM-00015.txt,21,1,[('秋田', '藤原')]
N5085FM-00016.txt,1,1,[('秋田', '藤原'), ('秋田', '日野'), ('日野', '藤原')]
N5085FM-00016.txt,2,1,[('秋田', '藤原')]
N5085FM-00016.txt,3,1,[('藤原', '日々木'), ('秋田', '藤原'), ('秋田', '日々木')]
N5085FM-00016.txt,4,1,[('秋田', '藤原')]
N5085FM-00016.txt,5,1,[('藤原', '日々木'), ('秋田', '藤原'), ('秋田', '日々木')]
N5085FM-00016.txt,6,1,[('秋田', '藤原')]
N5085FM-00016.txt,7,1,[('秋田', '藤原')]
N5085FM-00016.txt,8,1,[('秋田', '藤原')]
N5085FM-00016.txt,9,1,[('藤原', '日々木'), ('秋田', '藤原'), ('秋田', '日々木')]
N5085FM-00016.txt,10,1,[('秋田', '藤原'), ('秋田', '日野'), ('日野', '藤原')]
N5085FM-00016.txt,11,1,[('秋田', '藤原')]
N5085FM-00016.txt,12,1,[('秋田', '藤原')]
N5085FM-00016.txt,13,1,[('秋田', '藤原')]
N5085FM-00016.txt,14,1,[('藤原', '日々木'), ('秋田', '藤原'), ('秋田', '日々木')]
N5085FM-00016.txt,15,1,[('秋田', '藤原')]
N5085FM-00016.txt,16,1,[('秋田', '藤原')]
N5085FM-00016.txt,17,1,[('秋田', '藤原')]
N5085FM-00016.txt,18,1,[('藤原', '日々木'), ('秋田', '藤原'), ('秋田', '日々木')]
N5085FM-00016.txt,19,1,[('秋田', '藤原')]
N5085FM-00016.txt,20,1,[('秋田', '藤原')]
N5085FM-00016.txt,21,1,[('秋田', '藤原')]
N5085FM-00016.txt,22,1,[('秋田', '藤原')]
N5085FM-00016.txt,23,1,[('藤原', '日々木'), ('秋田', '藤原'), ('秋田', '日々木')]
N5085FM-00016.txt,24,1,[('秋田', '藤原')]
N5085FM-00016.txt,25,1,[('秋田', '藤原')]
N5085FM-00016.txt,26,1,[('秋田', '藤原')]
N5085FM-00016.txt,27,1,[('秋田', '藤原')]
N5085FM-00016.txt,28,1,[('秋田', '藤原')]
N5085FM-00016.txt,29,1,[('秋田', '藤原')]
N5085FM-00016.txt,30,1,[('秋田', '藤原')]
N5085FM-00016.txt,31,1,[('秋田', '藤原')]
N5085FM-00016.txt,32,1,[('藤原', '日々木'), ('秋田', '藤原'), ('秋田', '日々木')]
N5085FM-00016.txt,33,1,[('秋田', '藤原')]
N5085FM-00016.txt,34,1,[('秋田', '藤原')]
N5085FM-00016.txt,35,1,[('秋田', '藤原')]
N5085FM-00016.txt,36,1,[('藤原', '日々木'), ('秋田', '藤原'), ('秋田', '日々木')]
N5085FM-00016.txt,37,1,[('藤原', '日々木'), ('秋田', '藤原'), ('秋田', '日々木')]
N5085FM-00016.txt,38,1,[('藤原', '日々木'), ('秋田', '藤原'), ('秋田', '日々木')]
N5085FM-00016.txt,39,1,[('藤原', '日々木'), ('秋田', '藤原'), ('秋田', '日々木')]
N5085FM-00016.txt,40,1,[('安藤', '藤原'), ('秋田', '安藤'), ('秋田', '日々木'), ('藤原', '日々木'), ('秋田', '藤原'), ('安藤', '日々木')]
N5085FM-00016.txt,41,1,[('秋田', '藤原')]
N5085FM-00016.txt,42,1,[('秋田', '藤原')]
N5085FM-00016.txt,43,1,[('日野', '日々木'), ('秋田', '日野'), ('秋田', '日々木'), ('藤原', '日々木'), ('秋田', '藤原'), ('日野', '藤原')]
N5085FM-00016.txt,44,1,[('秋田', '藤原')]
N5085FM-00016.txt,45,1,[('藤原', '日々木'), ('秋田', '藤原'), ('秋田', '日々木')]
N5085FM-00016.txt,46,1,[('秋田', '藤原')]
N5085FM-00016.txt,47,1,[('藤原', '日々木'), ('秋田', '藤原'), ('秋田', '日々木')]
N5085FM-00017.txt,1,1,[('秋田', '藤原'), ('秋田', '藤原みどり'), ('藤原みどり', '藤原')]
N5085FM-00017.txt,2,1,[('秋田', '藤原')]
N5085FM-00017.txt,3,1,[('秋田', '藤原')]
N5085FM-00017.txt,4,1,[('秋田', '藤原')]
N5085FM-00017.txt,5,1,[('秋田', '藤原')]
N5085FM-00017.txt,6,1,[('日々木', '日野'), ('小野田', '日野'), ('藤原', '秋田'), ('藤原', '小野田'), ('日々木', '秋田'), ('日野', '秋田'), ('小野田', '秋田'), ('日々木', '藤原'), ('藤原', '日野'), ('日々木', '小野田')]
N5085FM-00017.txt,7,1,[('秋田', '藤原')]
N5085FM-00017.txt,8,1,[('秋田', '藤原')]
N5085FM-00017.txt,9,1,[('秋田', '藤原')]
N5085FM-00017.txt,10,1,[('小野田', '日野'), ('藤原', '秋田'), ('日野', '秋田'), ('小野田', '秋田'), ('日野', '藤原'), ('小野田', '藤原')]
N5085FM-00017.txt,11,1,[('小野田', '藤原'), ('小野田', '秋田'), ('藤原', '秋田')]
N5085FM-00017.txt,12,1,[('秋田', '藤原')]
N5085FM-00017.txt,13,1,[('小野田', '藤原'), ('小野田', '秋田'), ('藤原', '秋田')]
N5085FM-00017.txt,14,1,[('秋田', '藤原')]
N5085FM-00017.txt,15,1,[('小野田', '日野'), ('藤原', '秋田'), ('日野', '秋田'), ('小野田', '秋田'), ('日野', '藤原'), ('小野田', '藤原')]
N5085FM-00017.txt,16,1,[('秋田', '藤原')]
N5085FM-00017.txt,17,1,[('秋田', '藤原')]
N5085FM-00017.txt,18,1,[('秋田', '藤原')]
N5085FM-00017.txt,19,1,[('小野田', '日野'), ('藤原', '秋田'), ('日野', '秋田'), ('小野田', '秋田'), ('日野', '藤原'), ('小野田', '藤原')]
N5085FM-00017.txt,20,1,[('秋田', '藤原')]
N5085FM-00017.txt,21,1,[('秋田', '藤原')]
N5085FM-00017.txt,22,1,[('秋田', '藤原')]
N5085FM-00017.txt,23,1,[('秋田', '藤原'), ('秋田', '日野'), ('日野', '藤原')]
N5085FM-00017.txt,24,1,[('秋田', '藤原'), ('秋田', '日野'), ('日野', '藤原')]
N5085FM-00017.txt,25,1,[('小野田', '日野'), ('藤原', '秋田'), ('日野', '秋田'), ('小野田', '秋田'), ('日野', '藤原'), ('小野田', '藤原')]
N5085FM-00017.txt,26,1,[('小野田', '藤原'), ('小野田', '秋田'), ('藤原', '秋田')]
N5085FM-00017.txt,27,1,[('秋田', '藤原'), ('秋田', '日野'), ('日野', '藤原')]
N5085FM-00017.txt,28,1,[('秋田', '藤原')]
N5085FM-00017.txt,29,1,[('秋田', '藤原'), ('秋田', '日野'), ('日野', '藤原')]
N5085FM-00017.txt,30,1,[('秋田', '藤原')]
N5085FM-00017.txt,31,1,[('秋田', '藤原')]
N5085FM-00017.txt,32,1,[('秋田', '藤原')]
N5085FM-00017.txt,33,1,[('秋田', '藤原'), ('秋田', '日野'), ('日野', '藤原')]
N5085FM-00017.txt,34,1,[('日野', '日々木'), ('秋田', '日野'), ('秋田', '日々木'), ('藤原', '日々木'), ('秋田', '藤原'), ('日野', '藤原')]
N5085FM-00017.txt,35,1,[('日野', '日々木'), ('秋田', '日野'), ('秋田', '日々木'), ('藤原', '日々木'), ('秋田', '藤原'), ('日野', '藤原')]
N5085FM-00017.txt,36,1,[('藤原', '日々木'), ('秋田', '藤原'), ('秋田', '日々木')]
N5085FM-00017.txt,37,1,[('秋田', '藤原')]
N5085FM-00018.txt,1,1,[('秋田', '藤原'), ('秋田', '日野'), ('日野', '藤原')]
N5085FM-00018.txt,2,1,[('秋田', '藤原')]
N5085FM-00018.txt,3,1,[('藤原', '日々木'), ('秋田', '藤原'), ('秋田', '日々木')]
N5085FM-00018.txt,4,1,[('秋田', '藤原'), ('秋田', '日野'), ('日野', '藤原')]
N5085FM-00018.txt,5,1,[('秋田', '藤原')]
N5085FM-00018.txt,6,1,[('秋田', '藤原')]
N5085FM-00018.txt,7,1,[('秋田', '藤原')]
N5085FM-00018.txt,8,1,[('秋田', '藤原'), ('秋田', '日野'), ('日野', '藤原')]
N5085FM-00018.txt,9,1,[('秋田', '藤原')]
N5085FM-00018.txt,10,1,[('秋田', '藤原'), ('秋田', '日野'), ('日野', '藤原')]
N5085FM-00018.txt,11,1,[('秋田', '藤原')]
N5085FM-00018.txt,12,1,[('秋田', '藤原')]
N5085FM-00018.txt,13,1,[('日野', '日々木'), ('秋田', '日野'), ('秋田', '日々木'), ('藤原', '日々木'), ('秋田', '藤原'), ('日野', '藤原')]
N5085FM-00018.txt,14,1,[('秋田', '藤原')]
N5085FM-00018.txt,15,1,[('秋田', '藤原')]
N5085FM-00018.txt,16,1,[('秋田', '藤原')]
N5085FM-00018.txt,17,1,[('藤原', '日々木'), ('秋田', '藤原'), ('秋田', '日々木')]
N5085FM-00018.txt,18,1,[('秋田', '藤原')]
N5085FM-00018.txt,19,1,[('藤原', '日々木'), ('秋田', '藤原'), ('秋田', '日々木')]
N5085FM-00018.txt,20,1,[('秋田', '藤原')]
N5085FM-00018.txt,21,1,[('安藤', '藤原'), ('秋田', '安藤'), ('秋田', '日々木'), ('藤原', '日々木'), ('秋田', '藤原'), ('安藤', '日々木')]
N5085FM-00018.txt,22,1,[('秋田', '藤原')]
N5085FM-00019.txt,1,1,[('秋田', '須賀'), ('秋田', '藤原'), ('須賀', '藤原')]
N5085FM-00019.txt,2,1,[('秋田', '藤原')]
N5085FM-00019.txt,3,1,[('秋田', '藤原')]
N5085FM-00019.txt,4,1,[('田辺', '藤原'), ('藤原', '笠井'), ('藤原', '松田'), ('藤原', '秋田'), ('田辺', '笠井'), ('松田', '秋田'), ('田辺', '松田'), ('笠井', '松田'), ('田辺', '秋田'), ('笠井', '秋田')]
N5085FM-00019.txt,5,1,[('秋田', '藤原')]
N5085FM-00019.txt,6,1,[('秋田', '藤原'), ('秋田', '日野'), ('日野', '藤原')]
N5085FM-00019.txt,7,1,[('藤原', '笠井'), ('藤原', '松田'), ('藤原', '秋田'), ('日野', '松田'), ('松田', '秋田'), ('日野', '秋田'), ('藤原', '日野'), ('日野', '笠井'), ('笠井', '松田'), ('笠井', '秋田')]
N5085FM-00019.txt,8,1,[('秋田', '藤原')]
N5085FM-00019.txt,9,1,[('秋田', '藤原'), ('秋田', '日野'), ('日野', '藤原')]
N5085FM-00019.txt,10,1,[('秋田', '藤原')]
N5085FM-00019.txt,11,1,[('日々木', '日野'), ('安藤', '笠井'), ('日々木', '安藤'), ('藤原', '笠井'), ('安藤', '秋田'), ('藤原', '秋田'), ('日々木', '秋田'), ('日野', '秋田'), ('日々木', '笠井'), ('藤原', '安藤'), ('日々木', '藤原'), ('藤原', '日野'), ('安藤', '日野'), ('日野', '笠井'), ('笠井', '秋田')]
N5085FM-00019.txt,12,1,[('藤原', '日々木'), ('秋田', '藤原'), ('秋田', '日々木')]
N5085FM-00019.txt,13,1,[('藤原', '笠井'), ('藤原', '松田'), ('藤原', '秋田'), ('松田', '秋田'), ('日々木', '秋田'), ('日々木', '笠井'), ('日々木', '松田'), ('日々木', '藤原'), ('笠井', '松田'), ('笠井', '秋田')]
N5085FM-00019.txt,14,1,[('日々木', '日野'), ('藤原', '笠井'), ('藤原', '松田'), ('藤原', '秋田'), ('日野', '松田'), ('松田', '秋田'), ('日々木', '秋田'), ('日野', '秋田'), ('日々木', '笠井'), ('日々木', '松田'), ('日々木', '藤原'), ('藤原', '日野'), ('日野', '笠井'), ('笠井', '松田'), ('笠井', '秋田')]
N5085FM-00019.txt,15,1,[('藤原', '笠井'), ('秋田', '日野'), ('秋田', '藤原'), ('日野', '藤原'), ('日野', '笠井'), ('秋田', '笠井')]
N5085FM-00019.txt,16,1,[('秋田', '藤原')]
N5085FM-00019.txt,17,1,[('秋田', '藤原')]
N5085FM-00019.txt,18,1,[('渡瀬', '松田'), ('渡瀬', '秋田'), ('藤原', '松田'), ('須賀', '三島'), ('渡瀬', '藤原'), ('須賀', '藤原'), ('三島', '藤原'), ('藤原', '秋田'), ('須賀', '秋田'), ('三島', '秋田'), ('松田', '秋田'), ('須賀', '松田'), ('三島', '松田'), ('渡瀬', '三島'), ('渡瀬', '須賀')]
N5085FM-00019.txt,19,1,[('秋田', '藤原')]
N5085FM-00019.txt,20,1,[('秋田', '藤原')]
N5085FM-00019.txt,21,1,[('秋田', '藤原'), ('秋田', '日野'), ('日野', '藤原')]
N5085FM-00019.txt,22,1,[('松田', '田辺'), ('田辺', '藤原'), ('藤原', '秋田'), ('松田', '秋田'), ('松田', '藤原'), ('田辺', '秋田')]
N5085FM-00019.txt,23,1,[('秋田', '須賀'), ('秋田', '藤原'), ('須賀', '藤原')]
N5085FM-00019.txt,24,1,[('秋田', '藤原')]
N5085FM-00019.txt,25,1,[('秋田', '藤原')]
N5085FM-00019.txt,26,1,[('秋田', '藤原')]
N5085FM-00019.txt,27,1,[('藤原', '笠井'), ('松田', '秋田'), ('秋田', '藤原'), ('松田', '藤原'), ('松田', '笠井'), ('秋田', '笠井')]
N5085FM-00019.txt,28,1,[('松田', '日野'), ('秋田', '日野'), ('松田', '秋田'), ('秋田', '藤原'), ('松田', '藤原'), ('日野', '藤原')]
N5085FM-00019.txt,29,1,[('秋田', '藤原')]
N5085FM-00019.txt,30,1,[('秋田', '藤原')]
N5085FM-00020.txt,1,1,[('日野', '麓'), ('秋田', '日野'), ('秋田', '藤原'), ('日野', '藤原'), ('麓', '藤原'), ('秋田', '麓')]
N5085FM-00020.txt,2,1,[('秋田', '藤原')]
N5085FM-00020.txt,3,1,[('秋田', '藤原')]
N5085FM-00020.txt,4,1,[('秋田', '藤原')]
N5085FM-00020.txt,5,1,[('秋田', '藤原')]
N5085FM-00020.txt,6,1,[('秋田', '藤原')]
N5085FM-00020.txt,7,1,[('秋田', '藤原'), ('秋田', '日野'), ('日野', '藤原')]
N5085FM-00020.txt,8,1,[('秋田', '藤原')]
N5085FM-00020.txt,9,1,[('秋田', '藤原')]
N5085FM-00020.txt,10,1,[('秋田', '藤原')]
N5085FM-00020.txt,11,1,[('秋田', '藤原'), ('藤原', '笠井'), ('秋田', '笠井')]
N5085FM-00020.txt,12,1,[('秋田', '藤原'), ('藤原', '笠井'), ('秋田', '笠井')]
N5085FM-00020.txt,13,1,[('秋田', '藤原')]
N5085FM-00020.txt,14,1,[('秋田', '藤原')]
N5085FM-00020.txt,15,1,[('秋田', '藤原')]
N5085FM-00020.txt,16,1,[('秋田', '藤原')]
N5085FM-00020.txt,17,1,[('秋田', '藤原')]
N5085FM-00020.txt,18,1,[('秋田', '藤原')]
N5085FM-00020.txt,19,1,[('秋田', '藤原')]
N5085FM-00020.txt,20,1,[('秋田', '藤原'), ('秋田', '日野'), ('日野', '藤原')]
N5085FM-00020.txt,21,1,[('秋田', '藤原'), ('秋田', '日野'), ('日野', '藤原')]
N5085FM-00020.txt,22,1,[('秋田', '藤原'), ('秋田', '日野'), ('日野', '藤原')]
N5085FM-00020.txt,23,1,[('秋田', '藤原')]
N5085FM-00020.txt,24,1,[('秋田', '藤原'), ('秋田', '日野'), ('日野', '藤原')]
N5085FM-00020.txt,25,1,[('秋田', '藤原')]
N5085FM-00020.txt,26,1,[('秋田', '藤原'), ('藤原', '笠井'), ('秋田', '笠井')]
N5085FM-00020.txt,27,1,[('秋田', '藤原')]
N5085FM-00020.txt,28,1,[('秋田', '藤原')]
N5085FM-00020.txt,29,1,[('秋田', '藤原'), ('秋田', '日野'), ('日野', '藤原')]
N5085FM-00020.txt,30,1,[('秋田', '藤原')]
N5085FM-00021.txt,1,1,[('秋田', '藤原')]
N5085FM-00021.txt,2,1,[('秋田', '藤原')]
N5085FM-00021.txt,3,1,[('森尾', '伊東'), ('森尾', '藤原'), ('藤原', '伊東'), ('秋田', '森尾'), ('秋田', '藤原'), ('秋田', '伊東')]
N5085FM-00021.txt,4,1,[('秋田', '藤原'), ('藤原', '笠井'), ('秋田', '笠井')]
N5085FM-00021.txt,5,1,[('秋田', '藤原'), ('秋田', '日野'), ('日野', '藤原')]
N5085FM-00021.txt,6,1,[('日野', '日々木'), ('秋田', '日野'), ('秋田', '日々木'), ('藤原', '日々木'), ('秋田', '藤原'), ('日野', '藤原')]
N5085FM-00021.txt,7,1,[('日野', '日々木'), ('秋田', '日野'), ('秋田', '日々木'), ('藤原', '日々木'), ('秋田', '藤原'), ('日野', '藤原')]
N5085FM-00021.txt,8,1,[('藤原', '高木'), ('秋田', '日野'), ('日野', '高木'), ('秋田', '藤原'), ('秋田', '高木'), ('日野', '藤原')]
N5085FM-00021.txt,9,1,[('秋田', '藤原')]
N5085FM-00021.txt,10,1,[('秋田', '藤原')]
N5085FM-00021.txt,11,1,[('秋田', '藤原')]
N5085FM-00021.txt,12,1,[('秋田', '藤原'), ('秋田', '日野'), ('日野', '藤原')]
N5085FM-00021.txt,13,1,[('秋田', '藤原')]
N5085FM-00021.txt,14,1,[('秋田', '藤原'), ('秋田', '日野'), ('日野', '藤原')]
N5085FM-00021.txt,15,1,[('秋田', '藤原')]
N5085FM-00021.txt,16,1,[('藤原', '日々木'), ('秋田', '藤原'), ('秋田', '日々木')]
N5085FM-00021.txt,17,1,[('秋田', '藤原'), ('秋田', '日野'), ('日野', '藤原')]
N5085FM-00021.txt,18,1,[('藤原', '日々木'), ('秋田', '藤原'), ('秋田', '日々木')]
N5085FM-00021.txt,19,1,[('日々木', '日野'), ('藤原', '高木'), ('藤原', '秋田'), ('高木', '日野'), ('高木', '秋田'), ('日々木', '秋田'), ('日野', '秋田'), ('日々木', '藤原'), ('藤原', '日野'), ('日々木', '高木')]
N5085FM-00021.txt,20,1,[('日野', '日々木'), ('秋田', '日野'), ('秋田', '日々木'), ('藤原', '日々木'), ('秋田', '藤原'), ('日野', '藤原')]
N5085FM-00021.txt,21,1,[('日野', '日々木'), ('秋田', '日野'), ('秋田', '日々木'), ('藤原', '日々木'), ('秋田', '藤原'), ('日野', '藤原')]
N5085FM-00021.txt,22,1,[('秋田', '藤原')]
N5085FM-00021.txt,23,1,[('秋田', '藤原')]
N5085FM-00021.txt,24,1,[('日々木', '日野'), ('藤原', '高木'), ('藤原', '秋田'), ('高木', '日野'), ('高木', '秋田'), ('日々木', '秋田'), ('日野', '秋田'), ('日々木', '藤原'), ('藤原', '日野'), ('日々木', '高木')]
N5085FM-00021.txt,25,1,[('藤原', '日々木'), ('秋田', '藤原'), ('秋田', '日々木')]
N5085FM-00021.txt,26,1,[('日野', '日々木'), ('秋田', '日野'), ('秋田', '日々木'), ('藤原', '日々木'), ('秋田', '藤原'), ('日野', '藤原')]
N5085FM-00021.txt,27,1,[('日野', '日々木'), ('秋田', '日野'), ('秋田', '日々木'), ('藤原', '日々木'), ('秋田', '藤原'), ('日野', '藤原')]
N5085FM-00021.txt,28,1,[('日野', '日々木'), ('秋田', '日野'), ('秋田', '日々木'), ('藤原', '日々木'), ('秋田', '藤原'), ('日野', '藤原')]
N5085FM-00021.txt,29,1,[('秋田', '藤原'), ('秋田', '日野'), ('日野', '藤原')]
N5085FM-00021.txt,30,1,[('秋田', '藤原')]
N5085FM-00021.txt,31,1,[('日野', '日々木'), ('秋田', '日野'), ('秋田', '日々木'), ('藤原', '日々木'), ('秋田', '藤原'), ('日野', '藤原')]
N5085FM-00021.txt,32,1,[('秋田', '藤原')]
N5085FM-00022.txt,1,1,[('秋田', '藤原'), ('秋田', '日野'), ('日野', '藤原')]
N5085FM-00022.txt,2,5,[('藤原', '日々木'), ('秋田', '藤原'), ('秋田', '日々木')]
N5085FM-00022.txt,3,1,[('藤原', '高木'), ('秋田', '日々木'), ('高木', '日々木'), ('藤原', '日々木'), ('秋田', '藤原'), ('秋田', '高木')]
N5085FM-00022.txt,4,1,[('秋田', '藤原')]
N5085FM-00022.txt,5,1,[('藤原', '高木'), ('秋田', '日々木'), ('高木', '日々木'), ('藤原', '日々木'), ('秋田', '藤原'), ('秋田', '高木')]
N5085FM-00022.txt,6,5,[('藤原', '高木'), ('秋田', '日々木'), ('高木', '日々木'), ('藤原', '日々木'), ('秋田', '藤原'), ('秋田', '高木')]
N5085FM-00022.txt,7,1,[('藤原', '高木'), ('秋田', '藤原'), ('秋田', '高木')]
N5085FM-00022.txt,8,1,[('秋田', '藤原')]
N5085FM-00022.txt,9,1,[('藤原', '日々木'), ('秋田', '藤原'), ('秋田', '日々木')]
N5085FM-00022.txt,10,1,[('秋田', '藤原')]
N5085FM-00022.txt,11,1,[('藤原', '高木'), ('秋田', '藤原'), ('秋田', '高木')]
N5085FM-00022.txt,12,1,[('藤原', '高木'), ('秋田', '日々木'), ('高木', '日々木'), ('藤原', '日々木'), ('秋田', '藤原'), ('秋田', '高木')]
N5085FM-00022.txt,13,2,[('藤原', '高木'), ('秋田', '藤原'), ('秋田', '高木')]
N5085FM-00022.txt,14,1,[('藤原', '高木'), ('秋田', '日々木'), ('高木', '日々木'), ('藤原', '日々木'), ('秋田', '藤原'), ('秋田', '高木')]
N5085FM-00022.txt,15,1,[('秋田', '藤原')]
N5085FM-00022.txt,16,1,[('秋田', '藤原')]
N5085FM-00022.txt,17,1,[('秋田', '藤原')]
N5085FM-00022.txt,18,2,[('秋田', '藤原')]
N5085FM-00022.txt,19,1,[('秋田', '藤原')]
N5085FM-00022.txt,20,4,[('高木', '秋田'), ('秋田', '日々木'), ('高木', '藤原'), ('高木', '日々木'), ('藤原', '日々木'), ('秋田', '藤原')]
N5085FM-00022.txt,21,2,[('藤原', '日々木'), ('秋田', '藤原'), ('秋田', '日々木')]
N5085FM-00022.txt,22,7,[('日々木', '日野'), ('藤原', '高木'), ('藤原', '秋田'), ('高木', '日野'), ('高木', '秋田'), ('日々木', '秋田'), ('日野', '秋田'), ('日々木', '藤原'), ('藤原', '日野'), ('日々木', '高木')]
N5085FM-00022.txt,23,3,[('藤原', '高木'), ('秋田', '藤原'), ('秋田', '高木')]
N5085FM-00022.txt,24,3,[('高木', '秋田'), ('秋田', '日々木'), ('高木', '藤原'), ('高木', '日々木'), ('藤原', '日々木'), ('秋田', '藤原')]
N5085FM-00022.txt,25,3,[('藤原', '高木'), ('秋田', '日々木'), ('高木', '日々木'), ('藤原', '日々木'), ('秋田', '藤原'), ('秋田', '高木')]
N5085FM-00022.txt,26,4,[('藤原', '日々木'), ('秋田', '藤原'), ('秋田', '日々木')]
N5085FM-00022.txt,27,1,[('藤原', '日々木'), ('秋田', '藤原'), ('秋田', '日々木')]
N5085FM-00022.txt,28,1,[('藤原', '日々木'), ('秋田', '藤原'), ('秋田', '日々木')]
N5085FM-00022.txt,29,1,[('秋田', '藤原')]
N5085FM-00022.txt,30,2,[('藤原', '日々木'), ('秋田', '藤原'), ('秋田', '日々木')]
N5085FM-00022.txt,31,7,[('藤原', '高木'), ('秋田', '日々木'), ('高木', '日々木'), ('藤原', '日々木'), ('秋田', '藤原'), ('秋田', '高木')]
N5085FM-00022.txt,32,3,[('藤原', '日々木'), ('秋田', '藤原'), ('秋田', '日々木')]
N5085FM-00022.txt,33,1,[('藤原', '日々木'), ('秋田', '藤原'), ('秋田', '日々木')]
N5085FM-00022.txt,34,3,[('藤原', '日々木'), ('秋田', '藤原'), ('秋田', '日々木')]
N5085FM-00022.txt,35,2,[('藤原', '高木'), ('秋田', '藤原'), ('秋田', '高木')]
N5085FM-00022.txt,36,2,[('藤原', '高木'), ('秋田', '日々木'), ('高木', '日々木'), ('藤原', '日々木'), ('秋田', '藤原'), ('秋田', '高木')]
N5085FM-00022.txt,37,5,[('藤原', '高木'), ('秋田', '日々木'), ('高木', '日々木'), ('藤原', '日々木'), ('秋田', '藤原'), ('秋田', '高木')]
N5085FM-00022.txt,38,4,[('藤原', '高木'), ('秋田', '日々木'), ('高木', '日々木'), ('藤原', '日々木'), ('秋田', '藤原'), ('秋田', '高木')]
N5085FM-00022.txt,39,2,[('藤原', '高木'), ('秋田', '藤原'), ('秋田', '高木')]
N5085FM-00022.txt,40,5,[('藤原', '高木'), ('秋田', '日々木'), ('高木', '日々木'), ('藤原', '日々木'), ('秋田', '藤原'), ('秋田', '高木')]
N5085FM-00022.txt,41,3,[('高木', '秋田'), ('秋田', '日々木'), ('高木', '藤原'), ('高木', '日々木'), ('藤原', '日々木'), ('秋田', '藤原')]
N5085FM-00022.txt,42,1,[('秋田', '藤原')]
N5085FM-00022.txt,43,1,[('秋田', '藤原')]
N5085FM-00022.txt,44,1,[('藤原', '日々木'), ('秋田', '藤原'), ('秋田', '日々木')]
N5085FM-00022.txt,45,1,[('秋田', '藤原')]
N5085FM-00022.txt,46,1,[('秋田', '藤原'), ('秋田', '日野'), ('日野', '藤原')]
N5085FM-00022.txt,47,1,[('秋田', '藤原')]
N5085FM-00022.txt,48,1,[('秋田', '藤原')]
N5085FM-00022.txt,49,1,[('秋田', '藤原')]
N5085FM-00022.txt,50,3,[('藤原', '日々木'), ('秋田', '藤原'), ('秋田', '日々木')]
N5085FM-00022.txt,51,2,[('藤原', '日々木'), ('秋田', '藤原'), ('秋田', '日々木')]
N5085FM-00023.txt,1,1,[('藤原', '日々木'), ('秋田', '藤原'), ('秋田', '日々木')]
N5085FM-00023.txt,2,5,[('日野', '華菜'), ('秋田', '華菜'), ('秋田', '日野'), ('秋田', '藤原'), ('日野', '藤原'), ('藤原', '華菜')]
N5085FM-00023.txt,3,3,[('秋田', '藤原'), ('藤原', '華菜'), ('秋田', '華菜')]
N5085FM-00023.txt,4,5,[('秋田', '藤原')]
N5085FM-00023.txt,5,3,[('秋田', '安藤'), ('秋田', '藤原'), ('安藤', '藤原')]
N5085FM-00023.txt,6,2,[('秋田', '安藤'), ('秋田', '藤原'), ('安藤', '藤原')]
N5085FM-00023.txt,7,3,[('秋田', '藤原'), ('秋田', '日野'), ('日野', '藤原')]
N5085FM-00023.txt,8,5,[('秋田', '藤原'), ('秋田', '日野'), ('日野', '藤原')]
N5085FM-00023.txt,9,9,[('安藤', '秋田'), ('藤原', '高木'), ('藤原', '秋田'), ('高木', '日野'), ('高木', '安藤'), ('高木', '秋田'), ('日野', '秋田'), ('藤原', '安藤'), ('安藤', '日野'), ('藤原', '日野')]
N5085FM-00023.txt,10,1,[('秋田', '藤原')]
N5085FM-00023.txt,11,1,[('秋田', '藤原')]
N5085FM-00023.txt,12,1,[('秋田', '藤原')]
N5085FM-00023.txt,13,3,[('藤原', '高木'), ('秋田', '日野'), ('日野', '高木'), ('秋田', '藤原'), ('秋田', '高木'), ('日野', '藤原')]
N5085FM-00023.txt,14,1,[('秋田', '藤原'), ('秋田', '日野'), ('日野', '藤原')]
N5085FM-00023.txt,15,1,[('秋田', '藤原'), ('秋田', '日野'), ('日野', '藤原')]
N5085FM-00023.txt,16,3,[('秋田', '藤原'), ('秋田', '日野'), ('日野', '藤原')]
N5085FM-00023.txt,17,1,[('秋田', '藤原')]
N5085FM-00023.txt,18,1,[('秋田', '藤原')]
N5085FM-00023.txt,19,1,[('秋田', '藤原')]
N5085FM-00023.txt,20,5,[('日野', '日々木'), ('秋田', '日野'), ('秋田', '日々木'), ('藤原', '日々木'), ('秋田', '藤原'), ('日野', '藤原')]
N5085FM-00023.txt,21,1,[('藤原', '日々木'), ('秋田', '藤原'), ('秋田', '日々木')]
N5085FM-00023.txt,22,1,[('秋田', '藤原')]
N5085FM-00023.txt,23,1,[('秋田', '藤原')]
N5085FM-00023.txt,24,1,[('秋田', '藤原')]
N5085FM-00023.txt,25,1,[('藤原', '日々木'), ('秋田', '藤原'), ('秋田', '日々木')]
N5085FM-00023.txt,26,1,[('秋田', '藤原'), ('秋田', '日野'), ('日野', '藤原')]
N5085FM-00023.txt,27,2,[('秋田', '藤原')]
N5085FM-00023.txt,28,2,[('秋田', '藤原'), ('秋田', '日野'), ('日野', '藤原')]
N5085FM-00023.txt,29,1,[('藤原', '日々木'), ('秋田', '藤原'), ('秋田', '日々木')]
N5085FM-00023.txt,30,1,[('秋田', '藤原')]
N5085FM-00023.txt,31,1,[('秋田', '藤原'), ('秋田', '日野'), ('日野', '藤原')]
N5085FM-00023.txt,32,1,[('藤原', '日々木'), ('秋田', '藤原'), ('秋田', '日々木')]
N5085FM-00023.txt,33,1,[('秋田', '藤原'), ('秋田', '日野'), ('日野', '藤原')]
N5085FM-00023.txt,34,1,[('藤原', '日々木'), ('秋田', '藤原'), ('秋田', '日々木')]
N5085FM-00023.txt,35,1,[('秋田', '藤原'), ('秋田', '日野'), ('日野', '藤原')]
N5085FM-00023.txt,36,1,[('秋田', '藤原')]
N5085FM-00023.txt,37,2,[('日野', '日々木'), ('秋田', '日野'), ('秋田', '日々木'), ('藤原', '日々木'), ('秋田', '藤原'), ('日野', '藤原')]
N5085FM-00023.txt,38,1,[('秋田', '藤原'), ('秋田', '日野'), ('日野', '藤原')]
N5085FM-00023.txt,39,1,[('秋田', '藤原')]
N5085FM-00023.txt,40,1,[('秋田', '藤原')]
N5085FM-00023.txt,41,1,[('秋田', '藤原')]
N5085FM-00023.txt,42,1,[('秋田', '藤原'), ('秋田', '日野'), ('日野', '藤原')]
N5085FM-00023.txt,43,1,[('秋田', '藤原'), ('秋田', '日野'), ('日野', '藤原')]
N5085FM-00023.txt,44,1,[('日野', '日々木'), ('秋田', '日野'), ('秋田', '日々木'), ('藤原', '日々木'), ('秋田', '藤原'), ('日野', '藤原')]
N5085FM-00024.txt,1,1,[('秋田', '藤原'), ('秋田', '日野'), ('日野', '藤原')]
N5085FM-00024.txt,2,3,[('藤原', '日々木'), ('秋田', '藤原'), ('秋田', '日々木')]
N5085FM-00024.txt,3,4,[('秋田', '藤原')]
N5085FM-00024.txt,4,3,[('渡瀬', '松田'), ('千草', '高木'), ('藤原', '松田'), ('藤原', '高木'), ('藤原', '秋田'), ('千草', '藤原'), ('渡瀬', '高木'), ('千草', '松田'), ('千草', '秋田'), ('日々木', '秋田'), ('日々木', '松田'), ('高木', '松田'), ('日々木', '藤原'), ('日々木', '高木'), ('日々木', '千草'), ('渡瀬', '秋田'), ('渡瀬', '藤原'), ('松田', '秋田'), ('渡瀬', '日々木'), ('渡瀬', '千草'), ('高木', '秋田')]
N5085FM-00024.txt,5,5,[('松田', '日々木'), ('秋田', '日々木'), ('松田', '秋田'), ('秋田', '藤原'), ('藤原', '日々木'), ('松田', '藤原')]
N5085FM-00024.txt,6,4,[('高木', '秋田'), ('秋田', '日々木'), ('高木', '藤原'), ('高木', '日々木'), ('藤原', '日々木'), ('秋田', '藤原')]
N5085FM-00024.txt,7,6,[('日々木', '千草'), ('藤原', '松田'), ('藤原', '秋田'), ('千草', '藤原'), ('千草', '松田'), ('千草', '秋田'), ('松田', '秋田'), ('日々木', '秋田'), ('日々木', '松田'), ('日々木', '藤原')]
N5085FM-00024.txt,8,5,[('渡瀬', '秋田'), ('渡瀬', '藤原'), ('三島', '藤原'), ('藤原', '秋田'), ('三島', '秋田'), ('渡瀬', '三島')]
N5085FM-00024.txt,9,4,[('渡瀬', '松田'), ('藤原', '笠井'), ('渡瀬', '秋田'), ('藤原', '松田'), ('渡瀬', '笠井'), ('渡瀬', '藤原'), ('三島', '藤原'), ('藤原', '秋田'), ('三島', '秋田'), ('松田', '秋田'), ('三島', '松田'), ('渡瀬', '三島'), ('笠井', '松田'), ('三島', '笠井'), ('笠井', '秋田')]
N5085FM-00024.txt,10,1,[('秋田', '藤原')]
N5085FM-00024.txt,11,3,[('渡瀬', '藤原'), ('松田', '秋田'), ('秋田', '藤原'), ('松田', '藤原'), ('秋田', '渡瀬'), ('松田', '渡瀬')]
N5085FM-00024.txt,12,3,[('藤原', '日々木'), ('秋田', '藤原'), ('秋田', '日々木')]
N5085FM-00024.txt,13,1,[('秋田', '藤原')]
N5085FM-00024.txt,14,1,[('秋田', '藤原')]
N5085FM-00024.txt,15,5,[('千草', '高木'), ('藤原', '松田'), ('藤原', '高木'), ('藤原', '秋田'), ('千草', '藤原'), ('千草', '松田'), ('千草', '安藤'), ('千草', '秋田'), ('日々木', '秋田'), ('藤原', '安藤'), ('日々木', '松田'), ('安藤', '松田'), ('高木', '松田'), ('日々木', '藤原'), ('日々木', '高木'), ('日々木', '千草'), ('松田', '秋田'), ('日々木', '安藤'), ('安藤', '秋田'), ('高木', '秋田'), ('高木', '安藤')]
N5085FM-00024.txt,16,1,[('秋田', '藤原')]
N5085FM-00024.txt,17,1,[('秋田', '藤原')]
N5085FM-00024.txt,18,3,[('松田', '千草'), ('秋田', '千草'), ('松田', '秋田'), ('秋田', '藤原'), ('藤原', '千草'), ('松田', '藤原')]
N5085FM-00024.txt,19,1,[('秋田', '藤原')]
N5085FM-00024.txt,20,1,[('松田', '秋田'), ('秋田', '藤原'), ('松田', '藤原')]
N5085FM-00024.txt,21,1,[('秋田', '藤原')]
N5085FM-00024.txt,22,1,[('秋田', '藤原'), ('藤原', '千草'), ('秋田', '千草')]
N5085FM-00024.txt,23,1,[('秋田', '藤原')]
N5085FM-00024.txt,24,1,[('秋田', '藤原'), ('藤原', '千草'), ('秋田', '千草')]
N5085FM-00024.txt,25,1,[('秋田', '藤原')]
N5085FM-00024.txt,26,1,[('秋田', '藤原')]
N5085FM-00024.txt,27,1,[('秋田', '藤原')]
N5085FM-00024.txt,28,3,[('松田', '日々木'), ('秋田', '日々木'), ('松田', '秋田'), ('秋田', '藤原'), ('藤原', '日々木'), ('松田', '藤原')]
N5085FM-00024.txt,29,1,[('藤原', '日々木'), ('秋田', '藤原'), ('秋田', '日々木')]
N5085FM-00024.txt,30,1,[('日野', '千草'), ('秋田', '日野'), ('秋田', '千草'), ('秋田', '藤原'), ('藤原', '千草'), ('日野', '藤原')]
N5085FM-00024.txt,31,4,[('秋田', '藤原')]
N5085FM-00024.txt,32,2,[('藤原', '日々木'), ('秋田', '藤原'), ('秋田', '日々木')]
N5085FM-00024.txt,33,1,[('秋田', '藤原')]
N5085FM-00024.txt,34,3,[('藤原', '日々木'), ('秋田', '藤原'), ('秋田', '日々木')]
N5085FM-00024.txt,35,1,[('秋田', '藤原')]
N5085FM-00024.txt,36,2,[('藤原', '日々木'), ('秋田', '藤原'), ('秋田', '日々木')]
N5085FM-00024.txt,37,1,[('秋田', '藤原')]
N5085FM-00024.txt,38,1,[('秋田', '藤原')]
N5085FM-00024.txt,39,1,[('藤原', '日々木'), ('秋田', '藤原'), ('秋田', '日々木')]
N5085FM-00024.txt,40,1,[('藤原', '日々木'), ('秋田', '藤原'), ('秋田', '日々木')]
N5085FM-00024.txt,41,1,[('秋田', '藤原')]
N5085FM-00024.txt,42,1,[('秋田', '藤原')]
N5085FM-00024.txt,43,1,[('藤原', '日々木'), ('秋田', '藤原'), ('秋田', '日々木')]
N5085FM-00024.txt,44,1,[('秋田', '藤原')]
N5085FM-00024.txt,45,1,[('秋田', '藤原')]
N5085FM-00025.txt,1,1,[('秋田', '藤原'), ('藤原', '千草'), ('秋田', '千草')]
N5085FM-00025.txt,2,5,[('秋田', '藤原'), ('秋田', '塚本'), ('藤原', '塚本')]
N5085FM-00025.txt,3,1,[('秋田', '藤原')]
N5085FM-00025.txt,4,2,[('秋田', '藤原')]
N5085FM-00025.txt,5,5,[('塚本', '藤原'), ('渡瀬', '松田'), ('渡瀬', '秋田'), ('藤原', '松田'), ('渡瀬', '藤原'), ('須賀', '藤原'), ('藤原', '秋田'), ('須賀', '秋田'), ('塚本', '須賀'), ('須賀', '松田'), ('松田', '秋田'), ('渡瀬', '塚本'), ('渡瀬', '須賀'), ('塚本', '松田'), ('塚本', '秋田')]
N5085FM-00025.txt,6,2,[('塚本', '藤原'), ('日野', '麓'), ('藤原', '秋田'), ('塚本', '麓'), ('藤原', '麓'), ('日野', '秋田'), ('藤原', '日野'), ('塚本', '日野'), ('塚本', '秋田'), ('秋田', '麓')]
N5085FM-00025.txt,7,2,[('日野', '千草'), ('秋田', '日野'), ('秋田', '千草'), ('秋田', '藤原'), ('藤原', '千草'), ('日野', '藤原')]
N5085FM-00025.txt,8,3,[('塚本', '藤原'), ('藤原', '秋田'), ('日野', '秋田'), ('日野', '藤原'), ('塚本', '日野'), ('塚本', '秋田')]
N5085FM-00025.txt,9,1,[('日野', '麓'), ('秋田', '日野'), ('秋田', '藤原'), ('日野', '藤原'), ('麓', '藤原'), ('秋田', '麓')]
N5085FM-00025.txt,10,5,[('麓', '藤原'), ('秋田', '藤原'), ('秋田', '麓')]
N5085FM-00025.txt,11,5,[('日野', '麓'), ('秋田', '日野'), ('秋田', '藤原'), ('日野', '藤原'), ('麓', '藤原'), ('秋田', '麓')]
N5085FM-00025.txt,12,3,[('日々木', '日野'), ('日野', '麓'), ('日々木', '麓'), ('藤原', '秋田'), ('日々木', '秋田'), ('藤原', '麓'), ('日野', '秋田'), ('日々木', '藤原'), ('藤原', '日野'), ('秋田', '麓')]
N5085FM-00025.txt,13,2,[('塚本', '藤原'), ('日野', '麓'), ('藤原', '秋田'), ('塚本', '麓'), ('藤原', '麓'), ('日野', '秋田'), ('藤原', '日野'), ('塚本', '日野'), ('塚本', '秋田'), ('秋田', '麓')]
N5085FM-00025.txt,14,4,[('塚本', '藤原'), ('塚本', '秋田'), ('藤原', '秋田')]
N5085FM-00025.txt,15,1,[('秋田', '藤原')]
N5085FM-00025.txt,16,2,[('塚本', '藤原'), ('日々木', '塚本'), ('日々木', '麓'), ('藤原', '秋田'), ('塚本', '麓'), ('日々木', '秋田'), ('藤原', '麓'), ('日々木', '藤原'), ('塚本', '秋田'), ('秋田', '麓')]
N5085FM-00025.txt,17,1,[('藤原', '笠井'), ('松田', '秋田'), ('秋田', '藤原'), ('松田', '藤原'), ('松田', '笠井'), ('秋田', '笠井')]
N5085FM-00025.txt,18,2,[('藤原', '笠井'), ('松田', '秋田'), ('秋田', '藤原'), ('松田', '藤原'), ('松田', '笠井'), ('秋田', '笠井')]
N5085FM-00025.txt,19,1,[('秋田', '藤原'), ('秋田', '日野'), ('日野', '藤原')]
N5085FM-00025.txt,20,1,[('秋田', '藤原')]
N5085FM-00025.txt,21,1,[('藤原', '日々木'), ('秋田', '藤原'), ('秋田', '日々木')]
N5085FM-00025.txt,22,5,[('松田', '日野'), ('秋田', '日野'), ('松田', '秋田'), ('秋田', '藤原'), ('松田', '藤原'), ('日野', '藤原')]
N5085FM-00025.txt,23,1,[('松田', '日野'), ('秋田', '日野'), ('松田', '秋田'), ('秋田', '藤原'), ('松田', '藤原'), ('日野', '藤原')]
N5085FM-00025.txt,24,4,[('藤原', '笠井'), ('松田', '秋田'), ('秋田', '藤原'), ('松田', '藤原'), ('松田', '笠井'), ('秋田', '笠井')]
N5085FM-00025.txt,25,2,[('秋田', '藤原'), ('秋田', '日野'), ('日野', '藤原')]
N5085FM-00025.txt,26,1,[('秋田', '藤原')]
N5085FM-00025.txt,27,1,[('秋田', '藤原')]
N5085FM-00025.txt,28,2,[('秋田', '藤原'), ('秋田', '塚本'), ('藤原', '塚本')]
N5085FM-00025.txt,29,3,[('秋田', '藤原'), ('秋田', '日野'), ('日野', '藤原')]
N5085FM-00025.txt,30,1,[('秋田', '藤原')]
N5085FM-00026.txt,1,1,[('藤原', '日々木'), ('秋田', '藤原'), ('秋田', '日々木')]
N5085FM-00026.txt,2,3,[('秋田', '藤原'), ('秋田', '日野'), ('日野', '藤原')]
N5085FM-00026.txt,3,3,[('安藤', '藤原'), ('秋田', '安藤'), ('秋田', '日野'), ('秋田', '藤原'), ('安藤', '日野'), ('日野', '藤原')]
N5085FM-00026.txt,4,10,[('日野', '華菜'), ('安藤', '秋田'), ('秋田', '華菜'), ('藤原', '秋田'), ('日野', '秋田'), ('安藤', '日野'), ('藤原', '安藤'), ('藤原', '日野'), ('安藤', '華菜'), ('藤原', '華菜')]
N5085FM-00026.txt,5,5,[('渡瀬', '松田'), ('千草', '高木'), ('藤原', '松田'), ('藤原', '高木'), ('藤原', '秋田'), ('千草', '藤原'), ('渡瀬', '高木'), ('千草', '松田'), ('千草', '秋田'), ('千草', '日野'), ('渡瀬', '日野'), ('藤原', '日野'), ('渡瀬', '三島'), ('高木', '日野'), ('三島', '日野'), ('高木', '松田'), ('三島', '秋田'), ('三島', '松田'), ('渡瀬', '秋田'), ('渡瀬', '藤原'), ('日野', '松田'), ('松田', '秋田'), ('日野', '秋田'), ('渡瀬', '千草'), ('三島', '藤原'), ('高木', '秋田'), ('三島', '高木'), ('千草', '三島')]
N5085FM-00026.txt,6,4,[('秋田', '藤原')]
N5085FM-00026.txt,7,4,[('安藤', '藤原'), ('秋田', '安藤'), ('秋田', '日野'), ('秋田', '藤原'), ('安藤', '日野'), ('日野', '藤原')]
N5085FM-00026.txt,8,3,[('安藤', '藤原'), ('秋田', '安藤'), ('秋田', '日野'), ('秋田', '藤原'), ('安藤', '日野'), ('日野', '藤原')]
N5085FM-00026.txt,9,4,[('松田', '秋田'), ('秋田', '藤原'), ('松田', '藤原')]
N5085FM-00026.txt,10,1,[('松田', '秋田'), ('秋田', '藤原'), ('松田', '藤原')]
N5085FM-00026.txt,11,1,[('秋田', '藤原')]
N5085FM-00026.txt,12,3,[('渡瀬', '秋田'), ('渡瀬', '藤原'), ('藤原', '秋田'), ('松田', '秋田'), ('松田', '藤原'), ('松田', '渡瀬')]
N5085FM-00026.txt,13,6,[('安藤', '秋田'), ('藤原', '秋田'), ('千草', '藤原'), ('千草', '安藤'), ('千草', '秋田'), ('千草', '日野'), ('日野', '秋田'), ('藤原', '安藤'), ('安藤', '日野'), ('藤原', '日野')]
N5085FM-00026.txt,14,3,[('秋田', '藤原'), ('秋田', '日野'), ('日野', '藤原')]
N5085FM-00026.txt,15,1,[('秋田', '藤原')]
N5085FM-00026.txt,16,1,[('秋田', '藤原')]
N5085FM-00026.txt,17,1,[('秋田', '藤原')]
N5085FM-00026.txt,18,1,[('秋田', '藤原'), ('秋田', '日野'), ('日野', '藤原')]
N5085FM-00026.txt,19,1,[('秋田', '藤原')]
N5085FM-00026.txt,20,1,[('秋田', '藤原')]
N5085FM-00026.txt,21,1,[('秋田', '藤原')]
N5085FM-00026.txt,22,1,[('秋田', '藤原')]
N5085FM-00026.txt,23,1,[('秋田', '藤原')]
N5085FM-00026.txt,24,1,[('秋田', '藤原')]
N5085FM-00026.txt,25,1,[('秋田', '藤原'), ('秋田', '日野'), ('日野', '藤原')]
N5085FM-00026.txt,26,1,[('秋田', '藤原')]
N5085FM-00026.txt,27,1,[('秋田', '藤原'), ('秋田', '日野'), ('日野', '藤原')]
N5085FM-00026.txt,28,1,[('藤原', '日々木'), ('秋田', '藤原'), ('秋田', '日々木')]
N5085FM-00026.txt,29,1,[('秋田', '藤原')]
N5085FM-00026.txt,30,1,[('秋田', '藤原'), ('秋田', '日野'), ('日野', '藤原')]
N5085FM-00026.txt,31,1,[('秋田', '藤原')]
N5085FM-00026.txt,32,1,[('秋田', '藤原'), ('秋田', '日野'), ('日野', '藤原')]
N5085FM-00026.txt,33,1,[('秋田', '藤原')]
N5085FM-00026.txt,34,1,[('秋田', '藤原')]
N5085FM-00026.txt,35,1,[('秋田', '藤原')]
N5085FM-00027.txt,1,1,[('秋田', '華菜'), ('秋田', '日々木'), ('日々木', '華菜'), ('藤原', '日々木'), ('秋田', '藤原'), ('藤原', '華菜')]
N5085FM-00027.txt,2,5,[('日野', '日々木'), ('秋田', '日野'), ('秋田', '日々木'), ('藤原', '日々木'), ('秋田', '藤原'), ('日野', '藤原')]
N5085FM-00027.txt,3,1,[('秋田', '藤原')]
N5085FM-00027.txt,4,3,[('秋田', '藤原')]
N5085FM-00027.txt,5,1,[('藤原', '日々木'), ('秋田', '藤原'), ('秋田', '日々木')]
N5085FM-00027.txt,6,3,[('日野', '日々木'), ('秋田', '日野'), ('秋田', '日々木'), ('藤原', '日々木'), ('秋田', '藤原'), ('日野', '藤原')]
N5085FM-00027.txt,7,7,[('藤原', '日々木'), ('秋田', '藤原'), ('秋田', '日々木')]
N5085FM-00027.txt,8,1,[('藤原', '日々木'), ('秋田', '藤原'), ('秋田', '日々木')]
N5085FM-00027.txt,9,2,[('秋田', '藤原'), ('秋田', '日野'), ('日野', '藤原')]
N5085FM-00027.txt,10,1,[('秋田', '藤原')]
N5085FM-00027.txt,11,1,[('秋田', '藤原'), ('秋田', '日野'), ('日野', '藤原')]
N5085FM-00027.txt,12,1,[('藤原', '日々木'), ('秋田', '藤原'), ('秋田', '日々木')]
N5085FM-00027.txt,13,2,[('日野', '日々木'), ('秋田', '日野'), ('秋田', '日々木'), ('藤原', '日々木'), ('秋田', '藤原'), ('日野', '藤原')]
N5085FM-00027.txt,14,3,[('藤原', '日々木'), ('秋田', '藤原'), ('秋田', '日々木')]
N5085FM-00027.txt,15,6,[('藤原', '日々木'), ('秋田', '藤原'), ('秋田', '日々木')]
N5085FM-00027.txt,16,4,[('秋田', '藤原')]
N5085FM-00027.txt,17,1,[('秋田', '藤原'), ('秋田', '日野'), ('日野', '藤原')]
N5085FM-00027.txt,18,1,[('秋田', '藤原'), ('秋田', '日野'), ('日野', '藤原')]
N5085FM-00027.txt,19,6,[('日野', '日々木'), ('秋田', '日野'), ('秋田', '日々木'), ('藤原', '日々木'), ('秋田', '藤原'), ('日野', '藤原')]
N5085FM-00027.txt,20,2,[('日野', '日々木'), ('秋田', '日野'), ('秋田', '日々木'), ('藤原', '日々木'), ('秋田', '藤原'), ('日野', '藤原')]
N5085FM-00027.txt,21,3,[('秋田', '藤原')]
N5085FM-00027.txt,22,1,[('秋田', '藤原')]
N5085FM-00027.txt,23,8,[('日野', '日々木'), ('秋田', '日野'), ('秋田', '日々木'), ('藤原', '日々木'), ('秋田', '藤原'), ('日野', '藤原')]
N5085FM-00027.txt,24,3,[('日野', '日々木'), ('秋田', '日野'), ('秋田', '日々木'), ('藤原', '日々木'), ('秋田', '藤原'), ('日野', '藤原')]
N5085FM-00027.txt,25,5,[('日野', '日々木'), ('秋田', '日野'), ('秋田', '日々木'), ('藤原', '日々木'), ('秋田', '藤原'), ('日野', '藤原')]
N5085FM-00028.txt,1,1,[('秋田', '藤原')]
N5085FM-00028.txt,2,7,[('森尾', '伊東'), ('森尾', '藤原'), ('藤原', '伊東'), ('藤原', '秋田'), ('伊東', '秋田'), ('森尾', '秋田'), ('日々木', '秋田'), ('日々木', '藤原'), ('日々木', '森尾'), ('日々木', '伊東')]
N5085FM-00028.txt,3,4,[('秋田', '藤原')]
N5085FM-00028.txt,4,8,[('森尾', '伊東'), ('森尾', '藤原'), ('藤原', '伊東'), ('秋田', '森尾'), ('秋田', '藤原'), ('秋田', '伊東')]
N5085FM-00028.txt,5,6,[('秋田', '藤原')]
N5085FM-00028.txt,6,1,[('秋田', '藤原'), ('秋田', '日野'), ('日野', '藤原')]
N5085FM-00028.txt,7,3,[('秋田', '藤原'), ('秋田', '日野'), ('日野', '藤原')]
N5085FM-00028.txt,8,1,[('秋田', '藤原')]
N5085FM-00028.txt,9,1,[('秋田', '藤原'), ('秋田', '日野'), ('日野', '藤原')]
N5085FM-00028.txt,10,1,[('秋田', '藤原')]
N5085FM-00028.txt,11,1,[('秋田', '藤原')]
N5085FM-00028.txt,12,2,[('秋田', '藤原')]
N5085FM-00028.txt,13,1,[('秋田', '藤原')]
N5085FM-00028.txt,14,4,[('秋田', '藤原'), ('秋田', '日野'), ('日野', '藤原')]
N5085FM-00028.txt,15,1,[('秋田', '藤原')]
N5085FM-00028.txt,16,7,[('秋田', '藤原')]
N5085FM-00028.txt,17,3,[('秋田', '藤原')]
N5085FM-00028.txt,18,1,[('秋田', '藤原')]
N5085FM-00028.txt,19,3,[('秋田', '藤原')]
N5085FM-00028.txt,20,5,[('秋田', '藤原')]
N5085FM-00028.txt,21,5,[('秋田', '藤原')]
N5085FM-00028.txt,22,5,[('秋田', '藤原')]
N5085FM-00028.txt,23,5,[('藤原', '高木'), ('秋田', '藤原'), ('秋田', '高木')]
N5085FM-00028.txt,24,7,[('藤原', '日々木'), ('秋田', '藤原'), ('秋田', '日々木')]
N5085FM-00028.txt,25,2,[('松田', '秋田'), ('秋田', '藤原'), ('松田', '藤原')]
N5085FM-00028.txt,26,1,[('秋田', '藤原')]
N5085FM-00028.txt,27,4,[('松田', '秋田'), ('秋田', '藤原'), ('松田', '藤原')]
N5085FM-00028.txt,28,3,[('森尾', '伊東'), ('森尾', '藤原'), ('藤原', '伊東'), ('秋田', '森尾'), ('秋田', '藤原'), ('秋田', '伊東')]
N5085FM-00028.txt,29,6,[('松田', '秋田'), ('秋田', '藤原'), ('松田', '藤原')]
N5085FM-00028.txt,30,3,[('秋田', '藤原'), ('秋田', '日野'), ('日野', '藤原')]
N5085FM-00028.txt,31,3,[('小野田', '藤原'), ('小野田', '秋田'), ('藤原', '秋田')]
N5085FM-00028.txt,32,1,[('藤原', '高木'), ('秋田', '日々木'), ('高木', '日々木'), ('藤原', '日々木'), ('秋田', '藤原'), ('秋田', '高木')]
N5085FM-00028.txt,33,1,[('秋田', '藤原'), ('藤原', '千草'), ('秋田', '千草')]
N5085FM-00028.txt,34,1,[('松田', '秋田'), ('秋田', '藤原'), ('松田', '藤原')]
N5085FM-00028.txt,35,1,[('秋田', '藤原')]
N5085FM-00029.txt,1,1,[('藤原', '日々木'), ('秋田', '藤原'), ('秋田', '日々木')]
N5085FM-00029.txt,2,8,[('安藤', '秋田'), ('藤原', '高木'), ('藤原', '秋田'), ('高木', '日野'), ('高木', '安藤'), ('高木', '秋田'), ('日野', '秋田'), ('藤原', '安藤'), ('安藤', '日野'), ('藤原', '日野')]
N5085FM-00029.txt,3,3,[('日野', '華菜'), ('秋田', '華菜'), ('秋田', '日野'), ('秋田', '藤原'), ('日野', '藤原'), ('藤原', '華菜')]
N5085FM-00029.txt,4,3,[('秋田', '藤原'), ('藤原', '華菜'), ('秋田', '華菜')]
N5085FM-00029.txt,5,5,[('秋田', '藤原'), ('秋田', '日野'), ('日野', '藤原')]
N5085FM-00029.txt,6,1,[('日野', '日々木'), ('秋田', '日野'), ('秋田', '日々木'), ('藤原', '日々木'), ('秋田', '藤原'), ('日野', '藤原')]
N5085FM-00029.txt,7,1,[('秋田', '藤原')]
N5085FM-00029.txt,8,2,[('日野', '華菜'), ('秋田', '華菜'), ('秋田', '日野'), ('秋田', '藤原'), ('日野', '藤原'), ('藤原', '華菜')]
N5085FM-00029.txt,9,6,[('日野', '華菜'), ('安藤', '秋田'), ('秋田', '華菜'), ('藤原', '秋田'), ('日野', '秋田'), ('安藤', '日野'), ('藤原', '安藤'), ('藤原', '日野'), ('安藤', '華菜'), ('藤原', '華菜')]
N5085FM-00029.txt,10,1,[('秋田', '藤原'), ('秋田', '日野'), ('日野', '藤原')]
N5085FM-00029.txt,11,3,[('安藤', '藤原'), ('秋田', '安藤'), ('秋田', '日野'), ('秋田', '藤原'), ('安藤', '日野'), ('日野', '藤原')]
N5085FM-00029.txt,12,3,[('安藤', '藤原'), ('秋田', '安藤'), ('秋田', '日野'), ('秋田', '藤原'), ('安藤', '日野'), ('日野', '藤原')]
N5085FM-00029.txt,13,1,[('藤原', '日々木'), ('秋田', '藤原'), ('秋田', '日々木')]
N5085FM-00029.txt,14,5,[('日々木', '日野'), ('日々木', '安藤'), ('安藤', '秋田'), ('藤原', '秋田'), ('日々木', '秋田'), ('日野', '秋田'), ('藤原', '安藤'), ('安藤', '日野'), ('日々木', '藤原'), ('藤原', '日野')]
N5085FM-00029.txt,15,1,[('秋田', '藤原'), ('秋田', '日野'), ('日野', '藤原')]
N5085FM-00029.txt,16,1,[('秋田', '藤原')]
N5085FM-00029.txt,17,2,[('秋田', '藤原'), ('秋田', '日野'), ('日野', '藤原')]
N5085FM-00029.txt,18,1,[('秋田', '藤原')]
N5085FM-00029.txt,19,1,[('秋田', '藤原')]
N5085FM-00029.txt,20,1,[('秋田', '藤原'), ('秋田', '日野'), ('日野', '藤原')]
N5085FM-00029.txt,21,1,[('秋田', '藤原')]
N5085FM-00029.txt,22,1,[('秋田', '藤原'), ('秋田', '日野'), ('日野', '藤原')]
N5085FM-00029.txt,23,1,[('藤原', '日々木'), ('秋田', '藤原'), ('秋田', '日々木')]
N5085FM-00029.txt,24,3,[('秋田', '藤原'), ('秋田', '日野'), ('日野', '藤原')]
N5085FM-00029.txt,25,1,[('秋田', '藤原'), ('秋田', '日野'), ('日野', '藤原')]
N5085FM-00029.txt,26,1,[('秋田', '藤原')]
N5085FM-00029.txt,27,5,[('秋田', '藤原'), ('秋田', '日野'), ('日野', '藤原')]
N5085FM-00029.txt,28,3,[('秋田', '藤原'), ('秋田', '日野'), ('日野', '藤原')]
N5085FM-00029.txt,29,1,[('秋田', '藤原'), ('秋田', '日野'), ('日野', '藤原')]
N5085FM-00029.txt,30,1,[('秋田', '藤原')]
N5085FM-00029.txt,31,1,[('秋田', '藤原'), ('秋田', '日野'), ('日野', '藤原')]
N5085FM-00029.txt,32,1,[('秋田', '藤原')]
N5085FM-00029.txt,33,1,[('藤原', '日々木'), ('秋田', '藤原'), ('秋田', '日々木')]
N5085FM-00030.txt,1,1,[('日野', '日々木'), ('秋田', '日野'), ('秋田', '日々木'), ('藤原', '日々木'), ('秋田', '藤原'), ('日野', '藤原')]
N5085FM-00030.txt,2,5,[('藤原', '日々木'), ('秋田', '藤原'), ('秋田', '日々木')]
N5085FM-00030.txt,3,2,[('藤原', '日々木'), ('秋田', '藤原'), ('秋田', '日々木')]
N5085FM-00030.txt,4,12,[('藤原', '日々木'), ('秋田', '藤原'), ('秋田', '日々木')]
N5085FM-00030.txt,5,6,[('藤原', '日々木'), ('秋田', '藤原'), ('秋田', '日々木')]
N5085FM-00030.txt,6,7,[('安藤', '藤原'), ('秋田', '安藤'), ('秋田', '日々木'), ('藤原', '日々木'), ('秋田', '藤原'), ('安藤', '日々木')]
N5085FM-00030.txt,7,3,[('藤原', '日々木'), ('秋田', '藤原'), ('秋田', '日々木')]
N5085FM-00030.txt,8,2,[('秋田', '藤原')]
N5085FM-00030.txt,9,3,[('藤原', '日々木'), ('秋田', '藤原'), ('秋田', '日々木')]
N5085FM-00030.txt,10,1,[('秋田', '藤原')]
N5085FM-00030.txt,11,1,[('秋田', '藤原')]
N5085FM-00030.txt,12,1,[('藤原', '日々木'), ('秋田', '藤原'), ('秋田', '日々木')]
N5085FM-00030.txt,13,1,[('秋田', '藤原')]
N5085FM-00030.txt,14,1,[('秋田', '藤原')]
N5085FM-00030.txt,15,2,[('秋田', '藤原')]
N5085FM-00030.txt,16,2,[('藤原', '日々木'), ('秋田', '藤原'), ('秋田', '日々木')]
N5085FM-00030.txt,17,1,[('藤原', '日々木'), ('秋田', '藤原'), ('秋田', '日々木')]
N5085FM-00030.txt,18,1,[('秋田', '藤原'), ('秋田', '日野'), ('日野', '藤原')]
N5085FM-00030.txt,19,1,[('秋田', '藤原')]
N5085FM-00030.txt,20,1,[('秋田', '藤原')]
N5085FM-00030.txt,21,1,[('藤原', '日々木'), ('秋田', '藤原'), ('秋田', '日々木')]
N5085FM-00030.txt,22,1,[('藤原', '日々木'), ('秋田', '藤原'), ('秋田', '日々木')]
N5085FM-00030.txt,23,1,[('秋田', '藤原')]
N5085FM-00030.txt,24,2,[('藤原', '日々木'), ('秋田', '藤原'), ('秋田', '日々木')]
N5085FM-00030.txt,25,1,[('藤原', '日々木'), ('秋田', '藤原'), ('秋田', '日々木')]
N5085FM-00030.txt,26,1,[('秋田', '藤原'), ('秋田', '日野'), ('日野', '藤原')]
N5085FM-00030.txt,27,1,[('秋田', '藤原')]
N5085FM-00030.txt,28,1,[('藤原', '日々木'), ('秋田', '藤原'), ('秋田', '日々木')]
N5085FM-00030.txt,29,1,[('秋田', '藤原')]
N5085FM-00030.txt,30,1,[('秋田', '藤原')]
N5085FM-00030.txt,31,1,[('秋田', '藤原')]
N5085FM-00030.txt,32,1,[('秋田', '藤原')]
N5085FM-00030.txt,33,1,[('秋田', '藤原')]
N5085FM-00030.txt,34,1,[('秋田', '藤原')]
N5085FM-00030.txt,35,1,[('秋田', '藤原')]
N5085FM-00030.txt,36,1,[('秋田', '藤原')]
N5085FM-00030.txt,37,2,[('藤原', '日々木'), ('秋田', '藤原'), ('秋田', '日々木')]
N5085FM-00030.txt,38,1,[('秋田', '藤原')]
N5085FM-00030.txt,39,1,[('秋田', '藤原')]
N5085FM-00030.txt,40,1,[('秋田', '藤原')]
N5085FM-00030.txt,41,2,[('藤原', '日々木'), ('秋田', '藤原'), ('秋田', '日々木')]
N5085FM-00030.txt,42,1,[('秋田', '藤原')]
N5085FM-00030.txt,43,2,[('藤原', '日々木'), ('秋田', '藤原'), ('秋田', '日々木')]
N5085FM-00030.txt,44,1,[('藤原', '日々木'), ('秋田', '藤原'), ('秋田', '日々木')]
N5085FM-00030.txt,45,1,[('日野', '日々木'), ('秋田', '日野'), ('秋田', '日々木'), ('藤原', '日々木'), ('秋田', '藤原'), ('日野', '藤原')]
N5085FM-00030.txt,46,1,[('秋田', '藤原')]
N5085FM-00030.txt,47,1,[('秋田', '藤原')]
N5085FM-00030.txt,48,3,[('藤原', '日々木'), ('秋田', '藤原'), ('秋田', '日々木')]
N5085FM-00031.txt,1,1,[('藤原', '秋田'), ('陽子', '藤原'), ('陽子', '日野'), ('陽子', '秋田'), ('日野', '秋田'), ('日野', '藤原')]
N5085FM-00031.txt,2,3,[('日野', '日々木'), ('秋田', '日野'), ('秋田', '日々木'), ('藤原', '日々木'), ('秋田', '藤原'), ('日野', '藤原')]
N5085FM-00031.txt,3,1,[('秋田', '藤原')]
N5085FM-00031.txt,4,3,[('秋田', '藤原')]
N5085FM-00031.txt,5,3,[('日野', '日々木'), ('秋田', '日野'), ('秋田', '日々木'), ('藤原', '日々木'), ('秋田', '藤原'), ('日野', '藤原')]
N5085FM-00031.txt,6,5,[('日野', '日々木'), ('秋田', '日野'), ('秋田', '日々木'), ('藤原', '日々木'), ('秋田', '藤原'), ('日野', '藤原')]
N5085FM-00031.txt,7,3,[('秋田', '藤原')]
N5085FM-00031.txt,8,5,[('日野', '日々木'), ('秋田', '日野'), ('秋田', '日々木'), ('藤原', '日々木'), ('秋田', '藤原'), ('日野', '藤原')]
N5085FM-00031.txt,9,1,[('秋田', '藤原')]
N5085FM-00031.txt,10,1,[('藤原', '日々木'), ('秋田', '藤原'), ('秋田', '日々木')]
N5085FM-00031.txt,11,1,[('秋田', '藤原'), ('秋田', '日野'), ('日野', '藤原')]
N5085FM-00031.txt,12,1,[('秋田', '藤原')]
N5085FM-00031.txt,13,1,[('秋田', '藤原'), ('秋田', '日野'), ('日野', '藤原')]
N5085FM-00031.txt,14,1,[('藤原', '日々木'), ('秋田', '藤原'), ('秋田', '日々木')]
N5085FM-00031.txt,15,3,[('日野', '日々木'), ('秋田', '日野'), ('秋田', '日々木'), ('藤原', '日々木'), ('秋田', '藤原'), ('日野', '藤原')]
N5085FM-00031.txt,16,2,[('藤原', '日々木'), ('秋田', '藤原'), ('秋田', '日々木')]
N5085FM-00031.txt,17,1,[('秋田', '藤原')]
N5085FM-00031.txt,18,1,[('藤原', '日々木'), ('秋田', '藤原'), ('秋田', '日々木')]
N5085FM-00031.txt,19,1,[('藤原', '日々木'), ('秋田', '藤原'), ('秋田', '日々木')]
N5085FM-00031.txt,20,1,[('秋田', '藤原')]
N5085FM-00031.txt,21,1,[('藤原', '日々木'), ('秋田', '藤原'), ('秋田', '日々木')]
N5085FM-00031.txt,22,1,[('藤原', '日々木'), ('秋田', '藤原'), ('秋田', '日々木')]
N5085FM-00031.txt,23,2,[('藤原', '日々木'), ('秋田', '藤原'), ('秋田', '日々木')]
N5085FM-00031.txt,24,1,[('日野', '日々木'), ('秋田', '日野'), ('秋田', '日々木'), ('藤原', '日々木'), ('秋田', '藤原'), ('日野', '藤原')]
N5085FM-00031.txt,25,1,[('日野', '日々木'), ('秋田', '日野'), ('秋田', '日々木'), ('藤原', '日々木'), ('秋田', '藤原'), ('日野', '藤原')]
N5085FM-00031.txt,26,1,[('日野', '日々木'), ('秋田', '日野'), ('秋田', '日々木'), ('藤原', '日々木'), ('秋田', '藤原'), ('日野', '藤原')]
N5085FM-00032.txt,1,1,[('秋田', '藤原')]
N5085FM-00032.txt,2,6,[('秋田', '藤原')]
N5085FM-00032.txt,3,6,[('秋田', '藤原')]
N5085FM-00032.txt,4,7,[('秋田', '藤原')]
N5085FM-00032.txt,5,3,[('秋田', '藤原')]
N5085FM-00032.txt,6,1,[('秋田', '藤原')]
N5085FM-00032.txt,7,1,[('秋田', '藤原')]
N5085FM-00032.txt,8,5,[('秋田', '藤原')]
N5085FM-00032.txt,9,1,[('秋田', '藤原')]
N5085FM-00032.txt,10,2,[('秋田', '藤原')]
N5085FM-00032.txt,11,1,[('秋田', '藤原')]
N5085FM-00032.txt,12,1,[('秋田', '藤原')]
N5085FM-00032.txt,13,1,[('秋田', '藤原')]
N5085FM-00032.txt,14,2,[('秋田', '藤原')]
N5085FM-00032.txt,15,1,[('秋田', '藤原')]
N5085FM-00033.txt,1,1,[('秋田', '藤原')]
N5085FM-00033.txt,2,1,[('秋田', '藤原')]
N5085FM-00033.txt,3,2,[('秋田', '藤原'), ('秋田', '日野'), ('日野', '藤原')]
N5085FM-00033.txt,4,1,[('秋田', '藤原')]
N5085FM-00033.txt,5,4,[('秋田', '藤原'), ('秋田', '黎'), ('黎', '藤原')]
N5085FM-00033.txt,6,1,[('秋田', '藤原')]
N5085FM-00033.txt,7,1,[('秋田', '藤原'), ('秋田', '日野'), ('日野', '藤原')]
N5085FM-00033.txt,8,1,[('日々木', '日野'), ('日々木', '安藤'), ('安藤', '秋田'), ('藤原', '秋田'), ('日々木', '秋田'), ('日野', '秋田'), ('藤原', '安藤'), ('安藤', '日野'), ('日々木', '藤原'), ('藤原', '日野')]
N5085FM-00033.txt,9,1,[('秋田', '藤原')]
N5085FM-00033.txt,10,2,[('藤原', '日々木'), ('秋田', '藤原'), ('秋田', '日々木')]
N5085FM-00033.txt,11,4,[('秋田', '藤原'), ('秋田', '日野'), ('日野', '藤原')]
N5085FM-00033.txt,12,9,[('日々木', '日野'), ('日々木', '安藤'), ('安藤', '秋田'), ('藤原', '秋田'), ('日々木', '秋田'), ('日野', '秋田'), ('藤原', '安藤'), ('安藤', '日野'), ('日々木', '藤原'), ('藤原', '日野')]
N5085FM-00033.txt,13,5,[('日々木', '日野'), ('日々木', '安藤'), ('安藤', '秋田'), ('藤原', '秋田'), ('日々木', '秋田'), ('日野', '秋田'), ('藤原', '安藤'), ('安藤', '日野'), ('日々木', '藤原'), ('藤原', '日野')]
N5085FM-00033.txt,14,1,[('秋田', '藤原')]
N5085FM-00033.txt,15,2,[('秋田', '藤原')]
N5085FM-00033.txt,16,1,[('日野', '日々木'), ('秋田', '日野'), ('秋田', '日々木'), ('藤原', '日々木'), ('秋田', '藤原'), ('日野', '藤原')]
N5085FM-00033.txt,17,3,[('日野', '日々木'), ('秋田', '日野'), ('秋田', '日々木'), ('藤原', '日々木'), ('秋田', '藤原'), ('日野', '藤原')]
N5085FM-00033.txt,18,2,[('安藤', '藤原'), ('秋田', '安藤'), ('秋田', '日野'), ('秋田', '藤原'), ('安藤', '日野'), ('日野', '藤原')]
N5085FM-00033.txt,19,1,[('秋田', '藤原'), ('秋田', '日野'), ('日野', '藤原')]
N5085FM-00033.txt,20,1,[('藤原', '高木'), ('秋田', '藤原'), ('秋田', '高木')]
N5085FM-00033.txt,21,1,[('秋田', '藤原')]
N5085FM-00033.txt,22,1,[('秋田', '藤原')]
N5085FM-00033.txt,23,1,[('秋田', '藤原'), ('秋田', '日野'), ('日野', '藤原')]
N5085FM-00033.txt,24,1,[('秋田', '藤原')]
N5085FM-00033.txt,25,1,[('秋田', '藤原')]
N5085FM-00033.txt,26,2,[('秋田', '藤原'), ('秋田', '日野'), ('日野', '藤原')]
N5085FM-00033.txt,27,1,[('秋田', '藤原')]
N5085FM-00034.txt,1,1,[('藤原', '日々木'), ('秋田', '藤原'), ('秋田', '日々木')]
N5085FM-00034.txt,2,2,[('藤原', 'じいじ'), ('秋田', '藤原'), ('秋田', 'じいじ')]
N5085FM-00034.txt,3,3,[('秋田', '藤原')]
N5085FM-00034.txt,4,2,[('安藤', '藤原'), ('秋田', '安藤'), ('秋田', '日野'), ('秋田', '藤原'), ('安藤', '日野'), ('日野', '藤原')]
N5085FM-00034.txt,5,2,[('秋田', '藤原')]
N5085FM-00034.txt,6,1,[('秋田', '藤原'), ('秋田', '日野'), ('日野', '藤原')]
N5085FM-00034.txt,7,1,[('藤原', '日々木'), ('秋田', '藤原'), ('秋田', '日々木')]
N5085FM-00034.txt,8,1,[('秋田', '藤原')]
N5085FM-00034.txt,9,1,[('秋田', '藤原'), ('秋田', '日野'), ('日野', '藤原')]
N5085FM-00034.txt,10,1,[('秋田', '藤原')]
N5085FM-00034.txt,11,1,[('秋田', '藤原'), ('秋田', '日野'), ('日野', '藤原')]
N5085FM-00034.txt,12,3,[('安藤', '藤原'), ('秋田', '安藤'), ('秋田', '日野'), ('秋田', '藤原'), ('安藤', '日野'), ('日野', '藤原')]
N5085FM-00034.txt,13,1,[('秋田', '藤原'), ('秋田', '日野'), ('日野', '藤原')]
N5085FM-00034.txt,14,1,[('秋田', '藤原')]
N5085FM-00034.txt,15,1,[('秋田', '藤原')]
N5085FM-00034.txt,16,1,[('秋田', '藤原')]
N5085FM-00034.txt,17,3,[('秋田', '藤原'), ('秋田', '日野'), ('日野', '藤原')]
N5085FM-00034.txt,18,1,[('秋田', '藤原')]
N5085FM-00034.txt,19,4,[('秋田', '藤原'), ('秋田', '日野'), ('日野', '藤原')]
N5085FM-00034.txt,20,5,[('日野', '日々木'), ('秋田', '日野'), ('秋田', '日々木'), ('藤原', '日々木'), ('秋田', '藤原'), ('日野', '藤原')]
N5085FM-00034.txt,21,1,[('秋田', '藤原')]
N5085FM-00034.txt,22,1,[('秋田', '藤原')]
N5085FM-00034.txt,23,2,[('秋田', '藤原'), ('秋田', '日野'), ('日野', '藤原')]
N5085FM-00034.txt,24,5,[('日野', '華菜'), ('秋田', '華菜'), ('秋田', '日野'), ('秋田', '藤原'), ('日野', '藤原'), ('藤原', '華菜')]
N5085FM-00034.txt,25,1,[('秋田', '藤原')]
N5085FM-00034.txt,26,5,[('安藤', '藤原'), ('秋田', '安藤'), ('秋田', '日野'), ('秋田', '藤原'), ('安藤', '日野'), ('日野', '藤原')]
N5085FM-00034.txt,27,1,[('秋田', '藤原')]
N5085FM-00034.txt,28,3,[('秋田', '藤原'), ('秋田', '日野'), ('日野', '藤原')]
N5085FM-00034.txt,29,1,[('秋田', '藤原')]
N5085FM-00034.txt,30,1,[('秋田', '藤原'), ('秋田', '日野'), ('日野', '藤原')]
N5085FM-00034.txt,31,3,[('秋田', '藤原'), ('秋田', '日野'), ('日野', '藤原')]
N5085FM-00034.txt,32,4,[('秋田', '藤原'), ('秋田', '日野'), ('日野', '藤原')]
N5085FM-00034.txt,33,1,[('日々木', '日野'), ('秋田', '谷'), ('藤原', '秋田'), ('日々木', '谷'), ('日々木', '秋田'), ('日野', '秋田'), ('日々木', '藤原'), ('藤原', '日野'), ('藤原', '谷'), ('日野', '谷')]
N5085FM-00034.txt,34,1,[('秋田', '藤原')]
N5085FM-00034.txt,35,2,[('秋田', '藤原'), ('秋田', '日野'), ('日野', '藤原')]
N5085FM-00034.txt,36,6,[('藤原', '谷'), ('秋田', '藤原'), ('秋田', '谷')]
N5085FM-00034.txt,37,1,[('秋田', '藤原')]
N5085FM-00034.txt,38,2,[('秋田', '藤原'), ('秋田', '日野'), ('日野', '藤原')]
N5085FM-00034.txt,39,1,[('秋田', '藤原')]
N5085FM-00034.txt,40,1,[('秋田', '藤原')]
N5085FM-00034.txt,41,3,[('秋田', '藤原'), ('秋田', '日野'), ('日野', '藤原')]
N5085FM-00034.txt,42,1,[('秋田', '藤原'), ('秋田', '日野'), ('日野', '藤原')]
N5085FM-00034.txt,43,3,[('安藤', '藤原'), ('秋田', '安藤'), ('秋田', '日野'), ('秋田', '藤原'), ('安藤', '日野'), ('日野', '藤原')]
N5085FM-00034.txt,44,7,[('日野', '華菜'), ('秋田', '華菜'), ('秋田', '日野'), ('秋田', '藤原'), ('日野', '藤原'), ('藤原', '華菜')]
N5085FM-00034.txt,45,5,[('安藤', '藤原'), ('秋田', '安藤'), ('秋田', '日野'), ('秋田', '藤原'), ('安藤', '日野'), ('日野', '藤原')]
N5085FM-00034.txt,46,1,[('秋田', '藤原')]
N5085FM-00034.txt,47,1,[('秋田', '藤原'), ('秋田', '日野'), ('日野', '藤原')]
N5085FM-00034.txt,48,4,[('松田', '日野'), ('秋田', '日野'), ('松田', '秋田'), ('秋田', '藤原'), ('松田', '藤原'), ('日野', '藤原')]
N5085FM-00034.txt,49,3,[('秋田', '藤原')]
N5085FM-00034.txt,50,1,[('秋田', '藤原'), ('秋田', '日野'), ('日野', '藤原')]
N5085FM-00034.txt,51,1,[('秋田', '藤原'), ('秋田', '日野'), ('日野', '藤原')]
N5085FM-00035.txt,1,1,[('秋田', '藤原'), ('藤原', '笠井'), ('秋田', '笠井')]
N5085FM-00035.txt,2,1,[('秋田', '藤原'), ('藤原', '笠井'), ('秋田', '笠井')]
N5085FM-00035.txt,3,5,[('秋田', '藤原'), ('秋田', '日野'), ('日野', '藤原')]
N5085FM-00035.txt,4,7,[('秋田', '藤原')]
N5085FM-00035.txt,5,2,[('秋田', '藤原')]
N5085FM-00035.txt,6,1,[('秋田', '藤原')]
N5085FM-00035.txt,7,4,[('秋田', '藤原'), ('秋田', '日野'), ('日野', '藤原')]
N5085FM-00035.txt,8,4,[('秋田', '藤原')]
N5085FM-00035.txt,9,7,[('秋田', '藤原'), ('秋田', '日野'), ('日野', '藤原')]
N5085FM-00035.txt,10,1,[('秋田', '藤原')]
N5085FM-00035.txt,11,1,[('秋田', '藤原'), ('秋田', '日野'), ('日野', '藤原')]
N5085FM-00035.txt,12,1,[('秋田', '藤原'), ('藤原', '笠井'), ('秋田', '笠井')]
N5085FM-00035.txt,13,3,[('秋田', '藤原'), ('秋田', '日野'), ('日野', '藤原')]
N5085FM-00035.txt,14,4,[('秋田', '藤原'), ('秋田', '日野'), ('日野', '藤原')]
N5085FM-00035.txt,15,1,[('秋田', '藤原')]
N5085FM-00035.txt,16,1,[('秋田', '藤原')]
N5085FM-00035.txt,17,1,[('藤原', '日々木'), ('秋田', '藤原'), ('秋田', '日々木')]
N5085FM-00035.txt,18,2,[('松田', '秋田'), ('秋田', '藤原'), ('松田', '藤原')]
N5085FM-00035.txt,19,1,[('秋田', '安藤'), ('秋田', '藤原'), ('安藤', '藤原')]
N5085FM-00035.txt,20,2,[('日野', '日々木'), ('秋田', '日野'), ('秋田', '日々木'), ('藤原', '日々木'), ('秋田', '藤原'), ('日野', '藤原')]
N5085FM-00035.txt,21,1,[('秋田', '藤原')]
N5085FM-00035.txt,22,1,[('秋田', '藤原')]
N5085FM-00035.txt,23,1,[('秋田', '藤原')]
N5085FM-00035.txt,24,1,[('秋田', '藤原')]
N5085FM-00035.txt,25,1,[('秋田', '藤原')]
N5085FM-00035.txt,26,1,[('秋田', '藤原'), ('秋田', '日野'), ('日野', '藤原')]
N5085FM-00035.txt,27,1,[('松田', '秋田'), ('秋田', '藤原'), ('松田', '藤原')]
N5085FM-00035.txt,28,1,[('秋田', '藤原')]
N5085FM-00035.txt,29,1,[('秋田', '藤原')]
N5085FM-00035.txt,30,1,[('秋田', '藤原')]
N5085FM-00035.txt,31,1,[('秋田', '藤原')]
N5085FM-00035.txt,32,1,[('秋田', '藤原')]
N5085FM-00035.txt,33,3,[('秋田', '藤原'), ('秋田', '日野'), ('日野', '藤原')]
N5085FM-00035.txt,34,3,[('秋田', '藤原'), ('秋田', '日野'), ('日野', '藤原')]
N5085FM-00035.txt,35,1,[('秋田', '藤原')]
N5085FM-00035.txt,36,2,[('秋田', '藤原'), ('秋田', '日野'), ('日野', '藤原')]
N5085FM-00035.txt,37,1,[('秋田', '藤原')]
N5085FM-00035.txt,38,3,[('秋田', '藤原')]
N5085FM-00035.txt,39,6,[('秋田', '藤原'), ('秋田', '日野'), ('日野', '藤原')]
N5085FM-00035.txt,40,1,[('秋田', '藤原')]
N5085FM-00035.txt,41,1,[('秋田', '藤原')]
N5085FM-00035.txt,42,2,[('秋田', '藤原'), ('秋田', '日野'), ('日野', '藤原')]
N5085FM-00035.txt,43,3,[('秋田', '藤原'), ('秋田', '日野'), ('日野', '藤原')]
N5085FM-00035.txt,44,5,[('渡瀬', '藤原'), ('秋田', '日野'), ('秋田', '藤原'), ('秋田', '渡瀬'), ('日野', '藤原'), ('日野', '渡瀬')]
N5085FM-00035.txt,45,1,[('秋田', '藤原')]
N5085FM-00035.txt,46,3,[('渡瀬', '藤原'), ('渡瀬', '秋田'), ('藤原', '秋田')]
N5085FM-00035.txt,47,7,[('松田', '谷'), ('三島', '谷'), ('秋田', '谷'), ('藤原', '松田'), ('藤原', '秋田'), ('三島', '藤原'), ('三島', '秋田'), ('松田', '秋田'), ('三島', '松田'), ('藤原', '谷')]
N5085FM-00035.txt,48,5,[('秋田', '藤原'), ('秋田', '日野'), ('日野', '藤原')]
N5085FM-00035.txt,49,1,[('秋田', '藤原')]
N5085FM-00035.txt,50,1,[('秋田', '藤原'), ('秋田', '日野'), ('日野', '藤原')]
N5085FM-00035.txt,51,1,[('秋田', '藤原')]
N5085FM-00035.txt,52,2,[('秋田', '藤原')]
N5085FM-00035.txt,53,2,[('秋田', '藤原'), ('秋田', '日野'), ('日野', '藤原')]
N5085FM-00035.txt,54,1,[('秋田', '藤原')]
N5085FM-00035.txt,55,2,[('秋田', '藤原')]
N5085FM-00035.txt,56,2,[('秋田', '藤原')]
N5085FM-00035.txt,57,6,[('松田', '日々木'), ('秋田', '日々木'), ('松田', '秋田'), ('秋田', '藤原'), ('藤原', '日々木'), ('松田', '藤原')]
N5085FM-00035.txt,58,1,[('秋田', '藤原')]
N5085FM-00035.txt,59,3,[('秋田', '藤原'), ('秋田', '日野'), ('日野', '藤原')]
N5085FM-00035.txt,60,2,[('秋田', '藤原')]
N5085FM-00035.txt,61,1,[('秋田', '藤原')]
N5085FM-00035.txt,62,3,[('秋田', '藤原'), ('秋田', '日野'), ('日野', '藤原')]
N5085FM-00035.txt,63,1,[('秋田', '藤原'), ('秋田', '田村'), ('藤原', '田村')]
N5085FM-00035.txt,64,3,[('小野田', '日野'), ('田村', '小野田'), ('藤原', '秋田'), ('田村', '藤原'), ('田村', '日野'), ('藤原', '小野田'), ('田村', '秋田'), ('日野', '秋田'), ('小野田', '秋田'), ('藤原', '日野')]
N5085FM-00035.txt,65,3,[('秋田', '藤原'), ('秋田', '田村'), ('藤原', '田村')]
N5085FM-00035.txt,66,4,[('秋田', '田村'), ('秋田', '日野'), ('藤原', '田村'), ('日野', '田村'), ('秋田', '藤原'), ('日野', '藤原')]
N5085FM-00035.txt,67,1,[('秋田', '藤原')]
N5085FM-00035.txt,68,1,[('秋田', '田村'), ('秋田', '日野'), ('藤原', '田村'), ('日野', '田村'), ('秋田', '藤原'), ('日野', '藤原')]
N5085FM-00035.txt,69,1,[('秋田', '藤原')]
N5085FM-00035.txt,70,1,[('秋田', '藤原'), ('秋田', '日野'), ('日野', '藤原')]
N5085FM-00035.txt,71,2,[('小野田', '日野'), ('藤原', '秋田'), ('日野', '秋田'), ('小野田', '秋田'), ('日野', '藤原'), ('小野田', '藤原')]
N5085FM-00035.txt,72,5,[('小野田', '安藤'), ('日々木', '安藤'), ('安藤', '秋田'), ('田村', '日々木'), ('田村', '小野田'), ('藤原', '秋田'), ('田村', '安藤'), ('田村', '藤原'), ('田村', '秋田'), ('日々木', '秋田'), ('藤原', '小野田'), ('藤原', '安藤'), ('小野田', '秋田'), ('日々木', '藤原'), ('日々木', '小野田')]
N5085FM-00035.txt,73,1,[('秋田', '藤原')]
N5085FM-00035.txt,74,1,[('秋田', '田村'), ('秋田', '日野'), ('藤原', '田村'), ('日野', '田村'), ('秋田', '藤原'), ('日野', '藤原')]
N5085FM-00035.txt,75,2,[('小野田', '田村'), ('藤原', '秋田'), ('藤原', '田村'), ('田村', '秋田'), ('小野田', '秋田'), ('小野田', '藤原')]
N5085FM-00035.txt,76,1,[('秋田', '藤原')]
N5085FM-00035.txt,77,1,[('秋田', '藤原'), ('秋田', '日野'), ('日野', '藤原')]
N5085FM-00035.txt,78,1,[('渡瀬', '藤原'), ('渡瀬', '秋田'), ('藤原', '秋田')]
N5085FM-00035.txt,79,1,[('秋田', '藤原'), ('秋田', '日野'), ('日野', '藤原')]
N5085FM-00035.txt,80,1,[('秋田', '藤原')]
N5085FM-00035.txt,81,1,[('秋田', '藤原')]
N5085FM-00035.txt,82,1,[('秋田', '藤原')]
N5085FM-00035.txt,83,1,[('渡瀬', '藤原'), ('渡瀬', '秋田'), ('藤原', '秋田')]
N5085FM-00035.txt,84,2,[('秋田', '三島'), ('秋田', '藤原'), ('三島', '藤原')]
N5085FM-00035.txt,85,1,[('秋田', '藤原')]
N5085FM-00035.txt,86,1,[('秋田', '三島'), ('秋田', '藤原'), ('三島', '藤原')]
N5085FM-00035.txt,87,4,[('秋田', '藤原')]
N5085FM-00035.txt,88,1,[('松田', '秋田'), ('秋田', '藤原'), ('松田', '藤原')]
N5085FM-00035.txt,89,1,[('松田', '秋田'), ('秋田', '藤原'), ('松田', '藤原')]
N5085FM-00035.txt,90,4,[('田辺', '藤原'), ('藤原', '松田'), ('藤原', '秋田'), ('日野', '松田'), ('松田', '秋田'), ('日野', '秋田'), ('藤原', '日野'), ('田辺', '松田'), ('田辺', '日野'), ('田辺', '秋田')]
N5085FM-00035.txt,91,1,[('渡瀬', '秋田'), ('渡瀬', '藤原'), ('藤原', '秋田'), ('藤原', '谷'), ('谷', '秋田'), ('渡瀬', '谷')]
N5085FM-00035.txt,92,1,[('秋田', '三島'), ('秋田', '藤原'), ('三島', '藤原')]
N5085FM-00035.txt,93,3,[('藤原', '谷'), ('秋田', '藤原'), ('秋田', '谷')]
N5085FM-00035.txt,94,1,[('秋田', '藤原')]
N5085FM-00035.txt,95,1,[('秋田', '藤原')]
N5085FM-00035.txt,96,1,[('秋田', '藤原')]
N5085FM-00035.txt,97,1,[('秋田', '藤原')]
N5085FM-00035.txt,98,3,[('秋田', '藤原'), ('藤原', '小野田'), ('秋田', '小野田')]
N5085FM-00035.txt,99,1,[('秋田', '藤原')]
N5085FM-00035.txt,100,2,[('藤原', '高木'), ('秋田', '藤原'), ('秋田', '高木')]
N5085FM-00035.txt,101,1,[('続木', '秋田'), ('秋田', '藤原'), ('続木', '藤原')]
N5085FM-00035.txt,102,5,[('小野田', '日野'), ('田村', '小野田'), ('藤原', '秋田'), ('田村', '藤原'), ('田村', '日野'), ('藤原', '小野田'), ('田村', '秋田'), ('日野', '秋田'), ('小野田', '秋田'), ('藤原', '日野')]
N5085FM-00035.txt,103,1,[('秋田', '藤原')]
N5085FM-00035.txt,104,2,[('小野田', '田村'), ('藤原', '秋田'), ('田村', '藤原'), ('田村', '秋田'), ('小野田', '秋田'), ('小野田', '藤原')]
N5085FM-00035.txt,105,1,[('秋田', '藤原'), ('秋田', '日野'), ('日野', '藤原')]
N5085FM-00035.txt,106,1,[('麓', '藤原'), ('秋田', '藤原'), ('秋田', '麓')]
N5085FM-00035.txt,107,1,[('日野', '日々木'), ('秋田', '日野'), ('秋田', '日々木'), ('藤原', '日々木'), ('秋田', '藤原'), ('日野', '藤原')]
N5085FM-00035.txt,108,4,[('松田', '日野'), ('秋田', '日野'), ('松田', '秋田'), ('秋田', '藤原'), ('松田', '藤原'), ('日野', '藤原')]
N5085FM-00035.txt,109,1,[('松田', '秋田'), ('秋田', '藤原'), ('松田', '藤原')]
N5085FM-00035.txt,110,1,[('秋田', '藤原')]
N5085FM-00035.txt,111,1,[('秋田', '藤原'), ('藤原', '笠井'), ('秋田', '笠井')]
N5085FM-00036.txt,1,1,[('藤原', '日々木'), ('秋田', '藤原'), ('秋田', '日々木')]
N5085FM-00036.txt,2,1,[('秋田', '藤原'), ('秋田', '日野'), ('日野', '藤原')]
N5085FM-00036.txt,3,1,[('秋田', '藤原'), ('秋田', '日野'), ('日野', '藤原')]
N5085FM-00036.txt,4,2,[('秋田', '藤原'), ('秋田', '日野'), ('日野', '藤原')]
N5085FM-00036.txt,5,1,[('藤原', '日々木'), ('秋田', '藤原'), ('秋田', '日々木')]
N5085FM-00036.txt,6,1,[('秋田', '藤原')]
N5085FM-00036.txt,7,1,[('秋田', '藤原')]
N5085FM-00036.txt,8,1,[('藤原', '日々木'), ('秋田', '藤原'), ('秋田', '日々木')]
N5085FM-00036.txt,9,3,[('秋田', '藤原'), ('秋田', '日野'), ('日野', '藤原')]
N5085FM-00036.txt,10,1,[('秋田', '藤原')]
N5085FM-00036.txt,11,1,[('秋田', '藤原')]
N5085FM-00036.txt,12,2,[('秋田', '藤原')]
N5085FM-00036.txt,13,1,[('秋田', '藤原')]
N5085FM-00036.txt,14,1,[('秋田', '藤原')]
N5085FM-00036.txt,15,4,[('安藤', '藤原'), ('秋田', '安藤'), ('秋田', '日野'), ('秋田', '藤原'), ('安藤', '日野'), ('日野', '藤原')]
N5085FM-00036.txt,16,6,[('渡瀬', '松田'), ('渡瀬', '秋田'), ('藤原', '松田'), ('渡瀬', '藤原'), ('三島', '藤原'), ('藤原', '秋田'), ('三島', '秋田'), ('松田', '秋田'), ('三島', '松田'), ('渡瀬', '三島')]
